Fuel,Year,Discoveries,Production,Cumulative_Discoveries,Cumulative_Production,Reserves,EI_Reserves,Delta_vs_EI,NegativeFlag
Oil,1900,0.0,0.85,0.0,0.85,-0.85,,,1
Oil,1901,29.97845,0.95,29.97845,1.7999999999999998,28.178449999999998,,,0
Oil,1902,7.6867686793,1.03,37.6652186793,2.83,34.8352186793,,,0
Oil,1903,1.5373537382999998,1.1,39.202572417599995,3.93,35.272572417599996,,,0
Oil,1904,13.8361836203,1.23,53.038756037899994,5.16,47.87875603789999,,,0
Oil,1905,13.8361836203,1.21,66.87493965819999,6.37,60.504939658199994,,,0
Oil,1906,3.8433843366,1.21,70.71832399479999,7.58,63.13832399479999,,,0
Oil,1907,3.8433843366,1.49,74.56170833139998,9.07,65.49170833139999,,,0
Oil,1908,3.8433843366,1.61,78.40509266799998,10.68,67.72509266799997,,,0
Oil,1909,11.530153015899998,1.7,89.93524568389998,12.379999999999999,77.55524568389998,,,0
Oil,1910,17.679567956899998,1.85,107.61481364079998,14.229999999999999,93.38481364079998,,,0
Oil,1911,16.1422142186,1.95,123.75702785939998,16.18,107.57702785939998,,,0
Oil,1912,12.298829881999998,1.99,136.0558577414,18.169999999999998,117.88585774139999,,,0
Oil,1913,9.2241224115,2.19,145.27998015289998,20.36,124.91998015289998,,,0
Oil,1914,13.8361836203,2.26,159.1161637732,22.619999999999997,136.49616377319998,,,0
Oil,1915,12.298829881999998,2.42,171.4149936552,25.04,146.3749936552,,,0
Oil,1916,18.448244823,2.6,189.8632384782,27.64,162.22323847820002,,,0
Oil,1917,11.530153015899998,2.87,201.3933914941,30.51,170.8833914941,,,0
Oil,1918,9.6084608476,2.85,211.0018523417,33.36,177.64185234169997,,,0
Oil,1919,16.9108910908,3.25,227.91274343249998,36.61,191.3027434325,,,0
Oil,1920,20.7542754274,4.16,248.66701885989997,40.769999999999996,207.89701885989996,,,0
Oil,1921,14.604860486399998,4.5,263.27187934629995,45.269999999999996,218.00187934629997,,,0
Oil,1922,15.7578757886,5.03,279.0297551349,50.3,228.72975513489996,,,0
Oil,1923,21.5229522935,5.94,300.55270742839997,56.239999999999995,244.31270742839996,,,0
Oil,1924,10.761476149799998,5.93,311.31418357819996,62.169999999999995,249.14418357819997,,,0
Oil,1925,19.9855985613,6.22,331.29978213949994,68.39,262.90978213949995,,,0
Oil,1926,103.00270027699999,6.38,434.3024824164999,74.77,359.53248241649993,,,0
Oil,1927,136.055805562,7.28,570.3582879784999,82.05,488.3082879784999,,,0
Oil,1928,211.38613863499998,7.65,781.7444266134999,89.7,692.0444266134998,,,0
Oil,1929,38.4338433843,8.57,820.1782699977998,98.27000000000001,721.9082699977998,,,0
Oil,1930,121.4509451,8.18,941.6292150977998,106.45000000000002,835.1792150977998,,,0
Oil,1931,18.063906393,7.91,959.6931214907999,114.36000000000001,845.3331214907998,,,0
Oil,1932,34.5904590477,7.55,994.2835805384999,121.91000000000001,872.3735805384999,,,0
Oil,1933,16.1422142186,8.24,1010.4257947570999,130.15,880.2757947570999,,,0
Oil,1934,26.1350135023,8.7,1036.5608082594,138.85,897.7108082593999,,,0
Oil,1935,24.597659763999996,9.46,1061.1584680233998,148.31,912.8484680233998,,,0
Oil,1936,123.75697567999998,10.3,1184.9154437034,158.61,1026.3054437033998,,,0
Oil,1937,65.337533771,11.73,1250.2529774743998,170.34,1079.9129774744,,,0
Oil,1938,311.31413141099995,11.45,1561.5671088853996,181.79,1379.7771088853997,,,0
Oil,1939,26.903690368399996,11.93,1588.4707992537997,193.72,1394.7507992537996,,,0
Oil,1940,147.20162015399998,12.31,1735.6724194077997,206.03,1529.6424194077997,,,0
Oil,1941,78.405040513,12.68,1814.0774599207996,218.71,1595.3674599207995,,,0
Oil,1942,103.77137713699999,11.94,1917.8488370577995,230.65,1687.1988370577994,,,0
Oil,1943,18.448244823,12.85,1936.2970818807996,243.5,1692.7970818807996,,,0
Oil,1944,52.2700270046,14.75,1988.5671088853996,258.25,1730.3171088853996,,,0
Oil,1945,80.326732663,14.74,2068.8938415483995,272.99,1795.9038415483994,,,0
Oil,1946,34.9747974777,15.68,2103.8686390260996,288.67,1815.1986390260995,,,0
Oil,1947,27.672367234499998,17.27,2131.5410062605997,305.94,1825.6010062605997,,,0
Oil,1948,890.71844675,19.54,3022.2594530106,325.48,2696.7794530106,,,0
Oil,1949,124.52565253999998,19.43,3146.7851055506,344.91,2801.8751055506,,,0
Oil,1950,62.26282626999999,21.8,3209.0479318206,366.71000000000004,2842.3379318206,,,0
Oil,1951,270.958595834,24.72,3480.0065276545997,391.43000000000006,3088.5765276546,,,0
Oil,1952,46.889288929699994,25.99,3526.8958165842996,417.4200000000001,3109.4758165842995,,,0
Oil,1953,234.446444618,27.48,3761.3422612022996,444.9000000000001,3316.4422612022995,,,0
Oil,1954,107.614761498,28.77,3868.9570227002996,473.6700000000001,3395.2870227002995,,,0
Oil,1955,143.742574284,32.24,4012.6995969842997,505.9100000000001,3506.7895969842994,,,0
Oil,1956,169.87758776799998,35.09,4182.577184752299,541.0000000000001,3641.577184752299,,,0
Oil,1957,241.36453647999997,36.97,4423.941721232299,577.9700000000001,3845.9717212322985,,,0
Oil,1958,322.07560757299996,37.9,4746.017328805298,615.8700000000001,4130.1473288052985,,,0
Oil,1959,149.123312304,40.9,4895.1406411092985,656.7700000000001,4238.370641109298,,,0
Oil,1960,327.45634565399996,44.07,5222.596986763298,700.8400000000001,4521.756986763298,,,0
Oil,1961,283.257425716,46.91,5505.854412479299,747.7500000000001,4758.104412479299,,,0
Oil,1962,279.798379846,50.88,5785.652792325299,798.6300000000001,4987.022792325299,,,0
Oil,1963,172.95229520799998,54.59,5958.6050875332985,853.2200000000001,5105.385087533298,,,0
Oil,1964,415.854185408,58.96,6374.459272941299,912.1800000000002,5462.279272941299,,,0
Oil,1965,293.634563448,65.63,6668.093836389299,977.8100000000002,5690.283836389299,,,0
Oil,1966,149.123312304,71.27,6817.217148693299,1049.0800000000002,5768.137148693299,,,0
Oil,1967,189.863186311,76.46,7007.0803350043,1125.5400000000002,5881.5403350043,,,0
Oil,1968,321.306930713,83.41,7328.3872657173,1208.9500000000003,6119.437265717299,,,0
Oil,1969,239.058505839,89.79,7567.445771556299,1298.7400000000002,6268.705771556299,,,0
Oil,1970,125.29432946099999,98.76,7692.7401010173,1397.5000000000002,6295.2401010173,,,0
Oil,1971,288.253825367,104.4,7980.9939263843,1501.9000000000003,6479.093926384299,,,0
Oil,1972,102.618361847,110.34,8083.6122882313,1612.2400000000002,6471.3722882312995,,,0
Oil,1973,233.67776775800002,120.4,8317.2900559893,1732.6400000000003,6584.6500559893,,,0
Oil,1974,172.95229520799998,120.67,8490.242351197301,1853.3100000000004,6636.932351197301,,,0
Oil,1975,176.027002709,114.62,8666.2693539063,1967.9300000000003,6698.3393539063,,,0
Oil,1976,158.731773176,124.53,8825.0011270823,2092.4600000000005,6732.541127082299,,,0
Oil,1977,238.67416740899998,128.88,9063.6752944913,2221.3400000000006,6842.3352944913,,,0
Oil,1978,147.20162015399998,130.05,9210.8769146453,2351.390000000001,6859.486914645298,,,0
Oil,1979,245.59225921,135.55,9456.4691738553,2486.940000000001,6969.529173855299,,,0
Oil,1980,82.248424813,129.42,9538.7175986683,2616.360000000001,6922.357598668299,,,0
Oil,1981,149.89198922499997,121.96,9688.6095878933,2738.320000000001,6950.289587893298,,,0
Oil,1982,160.653465326,117.14,9849.2630532193,2855.460000000001,6993.803053219299,,,0
Oil,1983,79.55805580299999,115.64,9928.8211090223,2971.100000000001,6957.721109022299,,,0
Oil,1984,153.735373525,117.91,10082.5564825473,3089.0100000000007,6993.546482547299,,,0
Oil,1985,180.63906393,116.88,10263.1955464773,3205.890000000001,7057.305546477299,,,0
Oil,1986,115.301530159,122.65,10378.4970766363,3328.540000000001,7049.9570766362995,,,0
Oil,1987,93.778577835,122.93,10472.275654471301,3451.4700000000007,7020.8056544713,,,0
Oil,1988,83.78577859399999,128.19,10556.0614330653,3579.6600000000008,6976.4014330653,,,0
Oil,1989,110.68946893799999,129.73,10666.750902003301,3709.390000000001,6957.3609020033,,,0
Oil,1990,103.00270027699999,132.22,10769.753602280301,3841.6100000000006,6928.143602280301,,,0
Oil,1991,67.643564351,131.86,10837.397166631301,3973.4700000000007,6863.9271666313,,,0
Oil,1992,105.69306928699999,133.77,10943.0902359183,4107.240000000001,6835.850235918299,,,0
Oil,1993,71.10261028199999,133.58,11014.1928462003,4240.820000000001,6773.372846200299,,,0
Oil,1994,62.26282626999999,135.43,11076.4556724703,4376.250000000001,6700.205672470299,,,0
Oil,1995,68.412241211,137.29,11144.867913681299,4513.540000000001,6631.327913681298,,,0
Oil,1996,72.255625572,140.94,11217.123539253298,4654.4800000000005,6562.643539253298,,,0
Oil,1997,69.565256501,144.08,11286.688795754299,4798.56,6488.128795754298,,,0
Oil,1998,88.397839754,147.72,11375.086635508298,4946.280000000001,6428.806635508297,,,0
Oil,1999,153.735373525,144.38,11528.822009033298,5090.660000000001,6438.162009033297,,,0
Oil,2000,213.69216921499998,150.64,11742.514178248299,5241.300000000001,6501.214178248298,,,0
Oil,2001,121.4509451,150.63,11863.965123348298,5391.930000000001,6472.035123348297,,,0
Oil,2002,81.479747953,148.81,11945.444871301299,5540.740000000002,6404.704871301297,,,0
Oil,2003,49.195319534099994,155.42,11994.640190835398,5696.160000000002,6298.480190835397,,,0
Oil,2004,63.03150313,163.21,12057.671693965398,5859.370000000002,6198.301693965396,,,0
Oil,2005,55.7290729051,164.6,12113.400766870498,6023.970000000002,6089.430766870496,,,0
Oil,2006,139.51485149299998,166.07,12252.915618363499,6190.040000000002,6062.875618363497,,,0
Oil,2007,103.00270027699999,165.73,12355.918318640499,6355.770000000001,6000.148318640498,,,0
Oil,2008,182.94509451,167.49,12538.863413150499,6523.260000000001,6015.6034131504975,,,0
Oil,2009,114.14851486899998,163.32,12653.0119280195,6686.580000000001,5966.431928019499,,,0
Oil,2010,155.272727245,166.55,12808.284655264499,6853.130000000001,5955.154655264498,,,0
Oil,2011,89.935193535,167.84,12898.2198487995,7020.970000000001,5877.249848799498,,,0
Oil,2012,67.259225921,172.52,12965.479074720499,7193.490000000002,5771.989074720497,,,0
Oil,2013,61.49414941,172.75,13026.9732241305,7366.240000000002,5660.733224130498,,,0
Oil,2014,44.5832583253,176.81,13071.556482455799,7543.050000000002,5528.506482455797,,,0
Oil,2015,27.672367234499998,182.74,13099.228849690298,7725.790000000002,5373.438849690297,,,0
Oil,2016,27.672367234499998,183.26,13126.901216924798,7909.050000000002,5217.851216924796,,,0
Oil,2017,38.049504948199996,183.59,13164.950721872998,8092.640000000002,5072.310721872996,,,0
Oil,2018,33.8217821755,187.89,13198.772504048498,8280.530000000002,4918.242504048496,,,0
Oil,2019,18.44823,187.53,13217.220734048498,8468.060000000003,4749.160734048495,,,0
Oil,2020,76.25,174.82,13293.470734048498,8642.880000000003,4650.5907340484955,,,0
Oil,2021,28.669999999999998,177.09,13322.140734048498,8819.970000000003,4502.170734048495,,,0
Oil,2022,122.0,184.52,13444.140734048498,9004.490000000003,4439.650734048495,,,0
Oil,2023,18.299999999999997,0.0,13462.440734048498,9004.490000000003,4457.950734048494,,,0
Oil,2024,18.299999999999997,0.0,13480.740734048497,9004.490000000003,4476.2507340484935,,,0
Gas,1869,1.2339,0.0,1.2339,0.0,1.2339,,,0
Gas,1887,0.25516,0.0,1.48906,0.0,1.48906,,,0
Gas,1889,0.25516,0.0,1.74422,0.0,1.74422,,,0
Gas,1890,0.12758,0.0,1.8718000000000001,0.0,1.8718000000000001,,,0
Gas,1899,0.12758,0.0,1.9993800000000002,0.0,1.9993800000000002,,,0
Gas,1900,0.0,0.265825512,1.9993800000000002,0.265825512,1.7335544880000002,,,0
Gas,1901,0.51032,0.29458103,2.5097,0.560406542,1.949293458,,,0
Gas,1902,0.12758,0.323336534,2.63728,0.883743076,1.753536924,,,0
Gas,1903,0.0,0.352092042,2.63728,1.235835118,1.401444882,,,0
Gas,1904,0.0,0.380847546,2.63728,1.616682664,1.020597336,,,0
Gas,1905,0.12758,0.40960305,2.76486,2.026285714,0.738574286,,,0
Gas,1906,0.12758,0.438358558,2.89244,2.464644272,0.427795728,,,0
Gas,1907,0.0,0.46711404,2.89244,2.9317583120000004,-0.039318312000000244,,,1
Gas,1908,0.12758,0.49586958,3.02002,3.4276278920000003,-0.40760789200000014,,,1
Gas,1909,0.0,0.524625084,3.02002,3.9522529760000005,-0.9322329760000003,,,1
Gas,1910,0.0,0.5673204,3.02002,4.519573376,-1.4995533760000002,,,1
Gas,1911,0.09139010450373455,0.597475188,3.111410104503735,5.117048564,-2.0056384594962653,,,1
Gas,1912,5.1854612970724725,0.627629976,8.296871401576208,5.74467854,2.5521928615762084,,,0
Gas,1913,0.3467042732937802,0.657784764,8.643575674869988,6.402463303999999,2.2411123708699883,,,0
Gas,1914,1.4782071976788553,0.687939516,10.121782872548843,7.0904028199999996,3.031380052548844,,,0
Gas,1915,1.4172804613430323,0.718094304,11.539063333891876,7.808497124,3.730566209891877,,,0
Gas,1916,6.92247824242885,0.748249128,18.461541576320727,8.556746252,9.904795324320727,,,0
Gas,1917,0.03046336816791152,0.778403916,18.492004944488638,9.335150168,9.156854776488638,,,0
Gas,1918,0.4218301045037346,0.808558704,18.91383504899237,10.143708872,8.770126176992372,,,0
Gas,1919,0.09139010450373455,0.838713492,19.005225153496106,10.982422364,8.022802789496106,,,0
Gas,1920,2.098694530195201,0.86886828,21.103919683691306,11.851290643999999,9.252629039691307,,,0
Gas,1921,0.06894036073624413,0.899023032,21.17286004442755,12.750313676,8.422546368427552,,,0
Gas,1922,1.1533028942868129,0.95971014,22.326162938714365,13.710023816,8.616139122714365,,,0
Gas,1923,0.034470180368122064,1.124447292,22.360633119082486,14.834471107999999,7.526162011082487,,,0
Gas,1924,0.034470180368122064,1.289184408,22.395103299450607,16.123655516,6.271447783450608,,,0
Gas,1925,3.8574090561919725,1.45392156,26.25251235564258,17.577577076,8.674935279642579,,,0
Gas,1926,0.1040003636020387,1.61865864,26.35651271924462,19.196235716,7.1602770032446195,,,0
Gas,1927,2.8661563422732814,1.783395828,29.2226690615179,20.979631544,8.243037517517902,,,0
Gas,1928,2.2196054320358116,1.94813316,31.442274493553715,22.927764704,8.514509789553713,,,0
Gas,1929,0.5789309018406104,2.0685816,32.021205395394325,24.996346304,7.024859091394326,,,0
Gas,1930,0.823255608937817,2.168638344,32.84446100433214,27.164984648,5.679476356332138,,,0
Gas,1931,0.0513751217875634,2.2716864,32.895836126119704,29.436671048,3.459165078119703,,,0
Gas,1932,5.385685039176529,2.374734384,38.28152116529623,31.811405432,6.4701157332962325,,,0
Gas,1933,0.12758,2.47778244,38.409101165296235,34.289187872,4.119913293296236,,,0
Gas,1934,0.0,2.580830424,38.409101165296235,36.870018296,1.5390828692962373,,,0
Gas,1935,0.1395501566185023,2.68387848,38.54865132191474,39.553896775999995,-1.0052454540852551,,,1
Gas,1936,6.512332468802907,2.786926464,45.06098379071765,42.34082323999999,2.720160550717658,,,0
Gas,1937,6.659247334765565,2.9898774,51.72023112548322,45.33070063999999,6.3895304854832276,,,0
Gas,1938,3.9820934938887715,3.17501388,55.702324619371986,48.50571451999999,7.196610099371995,,,0
Gas,1939,0.2303302435751268,3.40309836,55.93265486294711,51.90881287999999,4.023841982947118,,,0
Gas,1940,0.738043308989957,3.63118284,56.67069817193707,55.53999571999999,1.1307024519370756,,,0
Gas,1941,2.278425138808913,3.85926732,58.94912331074598,59.399263039999994,-0.4501397292540119,,,1
Gas,1942,0.1439840102827193,4.0873518,59.093107321028704,63.486614839999994,-4.39350751897129,,,1
Gas,1943,5.969118389687322,4.31543628,65.06222571071602,67.80205111999999,-2.7398254092839665,,,1
Gas,1944,6.735831962792062,4.54352076,71.79805767350808,72.34557188,-0.5475142064919112,,,1
Gas,1945,0.33489574399989536,4.77160524,72.13295341750798,77.11717712,-4.984223702492017,,,1
Gas,1946,1.0051095738668367,5.02698996,73.13806299137481,82.14416707999999,-9.006104088625179,,,1
Gas,1947,4.858819242235839,5.56156044,77.99688223361065,87.70572751999998,-9.708845286389334,,,1
Gas,1948,1.18081911298284,6.28766532,79.1777013465935,93.99339283999998,-14.81569149340649,,,1
Gas,1949,29.54809829408369,6.71871312,108.72579964067718,100.71210595999999,8.013693680677193,,,0
Gas,1950,8.050022814691655,7.69188168,116.77582245536884,108.40398763999998,8.371834815368857,,,0
Gas,1951,37.10893852834135,9.12423348,153.88476098371018,117.52822111999998,36.356539863710196,,,0
Gas,1952,14.77657157131184,9.82665612,168.66133255502203,127.35487723999998,41.30645531502205,,,0
Gas,1953,4.2592914490273435,10.390842,172.92062400404936,137.74571923999997,35.17490476404939,,,0
Gas,1954,2.5105858692659,10.89935316,175.43120987331525,148.64507239999998,26.78613747331528,,,0
Gas,1955,1.9874216296354748,11.8568268,177.41863150295072,160.50189919999997,16.91673230295075,,,0
Gas,1956,25.63770072915908,12.85829928,203.0563322321098,173.36019847999998,29.69613375210983,,,0
Gas,1957,20.42659883875073,13.97057688,223.48293107086053,187.33077536,36.15215571086054,,,0
Gas,1958,8.48342822657129,15.0265692,231.9663592974318,202.35734456,29.609014737431806,,,0
Gas,1959,10.44847965165788,16.7748336,242.4148389490897,219.13217816,23.282660789089704,,,0
Gas,1960,26.20037440559526,18.26036532,268.61521335468495,237.39254348,31.222669874684954,,,0
Gas,1961,8.739711015278239,19.61796456,277.3549243699632,257.01050804,20.344416329963224,,,0
Gas,1962,22.704033162488336,21.46318056,300.05895753245153,278.4736886,21.585268932451527,,,0
Gas,1963,6.564396349724783,23.4846144,306.62335388217633,301.958303,4.665050882176331,,,0
Gas,1964,17.685272360381177,25.65938304,324.3086262425575,327.61768604,-3.309059797442501,,,1
Gas,1965,36.63034472162085,27.49854744,360.9389709641784,355.11623348,5.82273748417839,,,0
Gas,1966,138.51837614941832,29.5885368,499.4573471135967,384.70477028,114.75257683359672,,,0
Gas,1967,189.3054373780141,31.842486,688.7627844916108,416.54725628,272.2155282116108,,,0
Gas,1968,44.497873330081404,34.8320628,733.2606578216921,451.37931908,281.8813387416921,,,0
Gas,1969,102.46508704728969,38.2527288,835.7257448689818,489.63204788,346.0936969889818,,,0
Gas,1970,43.80103445416327,35.139222,879.5267793231451,524.77126988,354.7555094431451,,,0
Gas,1971,48.60984583461357,37.5883056,928.1366251577587,562.35957548,365.77704967775867,,,0
Gas,1972,13.968240372565997,39.4397424,942.1048655303247,601.79931788,340.3055476503247,,,0
Gas,1973,63.075167082690655,41.3377236,1005.1800326130153,643.13704148,362.04299113301533,,,0
Gas,1974,49.11667901457626,42.2103762,1054.2967116275915,685.34741768,368.9492939475915,,,0
Gas,1975,109.9883941806084,42.3003708,1164.2851058082,727.64778848,436.63731732819986,,,0
Gas,1976,48.37448164203645,44.124408,1212.6595874502364,771.77219648,440.8873909702363,,,0
Gas,1977,57.04159412177475,45.9869796,1269.7011815720111,817.7591760800001,451.94200549201105,,,0
Gas,1978,85.90084198132473,47.5437816,1355.6020235533358,865.3029576800001,490.29906587333573,,,0
Gas,1979,88.19439232190147,50.7492756,1443.7964158752372,916.0522332800001,527.7441825952371,,,0
Gas,1980,83.96764878823467,51.4200168,1527.7640646634718,967.4722500800001,560.2918145834717,,,0
Gas,1981,24.6957135940786,52.311528,1552.4597782575504,1019.78377808,532.6760001775503,,,0
Gas,1982,18.53378163141923,52.5509568,1570.9935598889697,1072.33473488,498.65882500896964,,,0
Gas,1983,17.54111917932417,53.021016,1588.5346790682938,1125.35575088,463.17892818829387,,,0
Gas,1984,31.7192816623966,57.5590284,1620.2539607306903,1182.91477928,437.3391814506904,,,0
Gas,1985,10.361601473312021,59.0772384,1630.6155622040023,1241.99201768,388.62354452400245,,,0
Gas,1986,19.395423383148287,60.605226,1650.0109855871506,1302.5972436799998,347.4137419071508,,,0
Gas,1987,74.65114483459308,63.6428808,1724.6621304217438,1366.2401244799998,358.4220059417439,,,0
Gas,1988,75.99407266429688,66.4479648,1800.6562030860407,1432.6880892799998,367.96811380604095,,,0
Gas,1989,86.82816320359956,68.7491784,1887.4843662896403,1501.4372676799999,386.04709860964044,,,0
Gas,1990,45.210906162715574,70.9097976,1932.695272452356,1572.34706528,360.34820717235607,,,0
Gas,1991,16.395686632940613,71.854884,1949.0909590852966,1644.20194928,304.8890098052966,,,0
Gas,1992,24.91495708887726,72.0660312,1974.0059161741738,1716.26798048,257.73793569417376,,,0
Gas,1993,18.002525942688774,72.8866692,1992.0084421168626,1789.15464968,202.8537924368627,,,0
Gas,1994,29.884707164304935,73.953072,2021.8931492811676,1863.10772168,158.7854276011676,,,0
Gas,1995,13.48865880477417,75.1806072,2035.3818080859417,1938.2883288799999,97.09347920594178,,,0
Gas,1996,44.21208751917542,78.839874,2079.5938956051173,2017.12820288,62.46569272511738,,,0
Gas,1997,26.750711177733365,78.7787028,2106.344606782851,2095.90690568,10.437701102850951,,,0
Gas,1998,64.46470599997353,80.8644024,2170.8093127828242,2176.77130808,-5.96199529717569,,,1
Gas,1999,22.578647599843833,83.1699072,2193.387960382668,2259.94121528,-66.55325489733195,,,1
Gas,2000,42.588934026531696,86.4258048,2235.9768944091998,2346.36702008,-110.39012567080044,,,1
Gas,2001,13.953350130786003,88.467048,2249.930244539986,2434.83406808,-184.9038235400144,,,1
Gas,2002,20.945908777552035,90.5304168,2270.876153317538,2525.36448488,-254.488331562462,,,1
Gas,2003,13.044892819378308,93.7687428,2283.921046136916,2619.13322768,-335.2121815430837,,,1
Gas,2004,22.954958985509123,96.9569244,2306.8760051224253,2716.09015208,-409.2141469575745,,,1
Gas,2005,13.641526571307928,99.2796624,2320.5175316937334,2815.36981448,-494.85228278626664,,,1
Gas,2006,38.579185132648696,102.665376,2359.096716826382,2918.03519048,-558.9384736536181,,,1
Gas,2007,17.98739577289416,105.4031256,2377.084112599276,3023.43831608,-646.3542034807238,,,1
Gas,2008,17.378149011626633,109.261116,2394.4622616109027,3132.69943208,-738.2371704690972,,,1
Gas,2009,58.56367436381855,105.8724756,2453.025935974721,3238.57190768,-785.545971705279,,,1
Gas,2010,43.36889111201109,113.4075456,2496.394827086732,3351.97945328,-855.5846261932679,,,1
Gas,2011,13.914452741264261,117.272232,2510.3092798279963,3469.25168528,-958.9424054520036,,,1
Gas,2012,19.79574343398618,119.7427788,2530.1050232619823,3588.99446408,-1058.8894408180176,,,1
Gas,2013,15.192030669479797,121.164984,2545.297053931462,3710.15944808,-1164.862394148538,,,1
Gas,2014,13.03370202837909,123.6816576,2558.330755959841,3833.84110568,-1275.510349720159,,,1
Gas,2015,8.944022635090517,126.282204,2567.274778594932,3960.12330968,-1392.8485310850683,,,1
Gas,2016,3.1270083374182573,127.6010424,2570.40178693235,4087.7243520800002,-1517.32256514765,,,1
Gas,2017,17.70241293165277,132.187428,2588.104199864003,4219.91178008,-1631.8075802159974,,,1
Gas,2018,6.488321170774347,138.80952,2594.5925210347773,4358.72130008,-1764.128779045223,,,1
Gas,2019,17.391986710277244,142.8635232,2611.9845077450545,4501.58482328,-1889.6003155349454,,,1
Gas,2020,20.167456486871767,138.9816,2632.1519642319263,4640.56642328,-2008.4144590480737,,,1
Gas,2021,3.2197231526790144,145.9231308,2635.371687384605,4786.48955408,-2151.1178666953947,,,1
Gas,2022,8.65080796772211,145.577376,2644.022495352327,4932.06693008,-2288.044434727673,,,1
Gas,2023,6.458879330579592,0.0,2650.481374682907,4932.06693008,-2281.5855553970932,,,1
Gas,2024,1.5329385902560322,0.0,2652.0143132731628,4932.06693008,-2280.0526168068372,,,1
Gas,2025,0.03679991304337552,0.0,2652.0511131862063,4932.06693008,-2280.0158168937937,,,1
Coal,1900,0.0,19.26,0.0,19.26,-19.26,,,1
Coal,1901,0.0,19.61,0.0,38.870000000000005,-38.870000000000005,,,1
Coal,1902,0.0,20.08,0.0,58.95,-58.95,,,1
Coal,1903,0.0,21.91,0.0,80.86,-80.86,,,1
Coal,1904,0.0,22.03,0.0,102.89,-102.89,,,1
Coal,1905,0.0,23.75,0.0,126.64,-126.64,,,1
Coal,1906,0.0,25.08,0.0,151.72,-151.72,,,1
Coal,1907,0.0,27.74,0.0,179.46,-179.46,,,1
Coal,1908,0.0,26.36,0.0,205.82,-205.82,,,1
Coal,1909,0.0,27.55,0.0,233.37,-233.37,,,1
Coal,1910,0.0,29.02,0.0,262.39,-262.39,,,1
Coal,1911,0.0,29.54,0.0,291.93,-291.93,,,1
Coal,1912,0.0,31.0,0.0,322.93,-322.93,,,1
Coal,1913,0.0,33.22,0.0,356.15,-356.15,,,1
Coal,1914,0.0,29.81,0.0,385.96,-385.96,,,1
Coal,1915,0.0,29.34,0.0,415.29999999999995,-415.29999999999995,,,1
Coal,1916,0.0,31.47,0.0,446.77,-446.77,,,1
Coal,1917,0.0,32.77,0.0,479.53999999999996,-479.53999999999996,,,1
Coal,1918,0.0,32.19,0.0,511.72999999999996,-511.72999999999996,,,1
Coal,1919,0.0,27.3,0.0,539.03,-539.03,,,1
Coal,1920,0.0,31.29,0.0,570.3199999999999,-570.3199999999999,,,1
Coal,1921,0.0,26.13,0.0,596.4499999999999,-596.4499999999999,,,1
Coal,1922,0.0,27.58,0.0,624.03,-624.03,,,1
Coal,1923,0.0,32.12,0.0,656.15,-656.15,,,1
Coal,1924,0.0,31.28,0.0,687.43,-687.43,,,1
Coal,1925,0.0,31.36,0.0,718.79,-718.79,,,1
Coal,1926,0.0,31.22,0.0,750.01,-750.01,,,1
Coal,1927,0.0,33.64,0.0,783.65,-783.65,,,1
Coal,1928,0.0,33.04,0.0,816.6899999999999,-816.6899999999999,,,1
Coal,1929,0.0,35.14,0.0,851.8299999999999,-851.8299999999999,,,1
Coal,1930,0.0,32.11,0.0,883.9399999999999,-883.9399999999999,,,1
Coal,1931,0.0,28.32,0.0,912.26,-912.26,,,1
Coal,1932,0.0,25.18,0.0,937.4399999999999,-937.4399999999999,,,1
Coal,1933,0.0,26.36,0.0,963.8,-963.8,,,1
Coal,1934,0.0,28.77,0.0,992.5699999999999,-992.5699999999999,,,1
Coal,1935,0.0,30.0,0.0,1022.5699999999999,-1022.5699999999999,,,1
Coal,1936,0.0,32.96,0.0,1055.53,-1055.53,,,1
Coal,1937,0.0,34.63,0.0,1090.16,-1090.16,,,1
Coal,1938,0.0,32.31,0.0,1122.47,-1122.47,,,1
Coal,1939,0.0,34.13,0.0,1156.6000000000001,-1156.6000000000001,,,1
Coal,1940,0.0,37.64,0.0,1194.2400000000002,-1194.2400000000002,,,1
Coal,1941,0.0,39.02,0.0,1233.2600000000002,-1233.2600000000002,,,1
Coal,1942,0.0,39.69,0.0,1272.9500000000003,-1272.9500000000003,,,1
Coal,1943,0.0,40.79,0.0,1313.7400000000002,-1313.7400000000002,,,1
Coal,1944,0.0,39.16,0.0,1352.9000000000003,-1352.9000000000003,,,1
Coal,1945,0.0,31.42,0.0,1384.3200000000004,-1384.3200000000004,,,1
Coal,1946,0.0,33.83,0.0,1418.1500000000003,-1418.1500000000003,,,1
Coal,1947,0.0,38.01,0.0,1456.1600000000003,-1456.1600000000003,,,1
Coal,1948,0.0,39.28,0.0,1495.4400000000003,-1495.4400000000003,,,1
Coal,1949,0.0,37.35,0.0,1532.7900000000002,-1532.7900000000002,,,1
Coal,1950,0.0,40.8,0.0,1573.5900000000001,-1573.5900000000001,,,1
Coal,1951,0.0,42.98,0.0,1616.5700000000002,-1616.5700000000002,,,1
Coal,1952,0.0,42.73,0.0,1659.3000000000002,-1659.3000000000002,,,1
Coal,1953,0.0,42.92,0.0,1702.2200000000003,-1702.2200000000003,,,1
Coal,1954,0.0,42.37,0.0,1744.5900000000001,-1744.5900000000001,,,1
Coal,1955,0.0,46.04,0.0,1790.63,-1790.63,,,1
Coal,1956,0.0,48.65,0.0,1839.2800000000002,-1839.2800000000002,,,1
Coal,1957,0.0,50.02,0.0,1889.3000000000002,-1889.3000000000002,,,1
Coal,1958,0.0,51.6,0.0,1940.9,-1940.9,,,1
Coal,1959,0.0,53.48,0.0,1994.38,-1994.38,,,1
Coal,1960,0.0,55.71,0.0,2050.09,-2050.09,,,1
Coal,1961,0.0,52.49,0.0,2102.58,-2102.58,,,1
Coal,1962,0.0,53.75,0.0,2156.33,-2156.33,,,1
Coal,1963,0.0,55.38,0.0,2211.71,-2211.71,,,1
Coal,1964,0.0,57.83,0.0,2269.54,-2269.54,,,1
Coal,1965,0.0,58.97,0.0,2328.5099999999998,-2328.5099999999998,,,1
Coal,1966,0.0,59.79,0.0,2388.2999999999997,-2388.2999999999997,,,1
Coal,1967,0.0,57.67,0.0,2445.97,-2445.97,,,1
Coal,1968,0.0,59.27,0.0,2505.24,-2505.24,,,1
Coal,1969,0.0,60.47,0.0,2565.7099999999996,-2565.7099999999996,,,1
Coal,1970,0.0,62.89,0.0,2628.5999999999995,-2628.5999999999995,,,1
Coal,1971,0.0,62.32,0.0,2690.9199999999996,-2690.9199999999996,,,1
Coal,1972,0.0,62.1,0.0,2753.0199999999995,-2753.0199999999995,,,1
Coal,1973,0.0,63.21,0.0,2816.2299999999996,-2816.2299999999996,,,1
Coal,1974,0.0,63.77,0.0,2879.9999999999995,-2879.9999999999995,,,1
Coal,1975,0.0,67.56,0.0,2947.5599999999995,-2947.5599999999995,,,1
Coal,1976,0.0,69.48,0.0,3017.0399999999995,-3017.0399999999995,,,1
Coal,1977,0.0,71.59,0.0,3088.6299999999997,-3088.6299999999997,,,1
Coal,1978,0.0,72.7,0.0,3161.3299999999995,-3161.3299999999995,,,1
Coal,1979,0.0,76.97,0.0,3238.2999999999993,-3238.2999999999993,,,1
Coal,1980,0.0,75.49,0.0,3313.789999999999,-3313.789999999999,,,1
Coal,1981,0.0,77.2,0.0,3390.989999999999,-3390.989999999999,,,1
Coal,1982,0.0,79.94,0.0,3470.929999999999,-3470.929999999999,,,1
Coal,1983,0.0,79.69,0.0,3550.619999999999,-3550.619999999999,,,1
Coal,1984,0.0,83.18,0.0,3633.799999999999,-3633.799999999999,,,1
Coal,1985,0.0,87.4,0.0,3721.199999999999,-3721.199999999999,,,1
Coal,1986,0.0,89.47,0.0,3810.6699999999987,-3810.6699999999987,,,1
Coal,1987,0.0,91.16,0.0,3901.8299999999986,-3901.8299999999986,,,1
Coal,1988,0.0,93.37,0.0,3995.1999999999985,-3995.1999999999985,,,1
Coal,1989,0.0,95.02,0.0,4090.2199999999984,-4090.2199999999984,,,1
Coal,1990,0.0,94.84,0.0,4185.059999999999,-4185.059999999999,,,1
Coal,1991,0.0,92.26,0.0,4277.319999999999,-4277.319999999999,,,1
Coal,1992,0.0,92.06,0.0,4369.379999999999,-4369.379999999999,,,1
Coal,1993,0.0,89.29,0.0,4458.669999999999,-4458.669999999999,,,1
Coal,1994,0.0,91.34,0.0,4550.009999999999,-4550.009999999999,,,1
Coal,1995,0.0,94.13,0.0,4644.139999999999,-4644.139999999999,,,1
Coal,1996,0.0,95.4,0.0,4739.539999999999,-4739.539999999999,,,1
Coal,1997,0.0,96.8,0.0,4836.339999999999,-4836.339999999999,,,1
Coal,1998,0.0,95.06,0.0,4931.4,-4931.4,,,1
Coal,1999,0.0,95.09,0.0,5026.49,-5026.49,,,1
Coal,2000,0.0,96.49,0.0,5122.98,-5122.98,,,1
Coal,2001,0.0,100.58,0.0,5223.5599999999995,-5223.5599999999995,,,1
Coal,2002,0.0,101.79,0.0,5325.349999999999,-5325.349999999999,,,1
Coal,2003,0.0,109.26,0.0,5434.61,-5434.61,,,1
Coal,2004,0.0,118.7,0.0,5553.3099999999995,-5553.3099999999995,,,1
Coal,2005,0.0,126.17,0.0,5679.48,-5679.48,,,1
Coal,2006,0.0,132.54,0.0,5812.0199999999995,-5812.0199999999995,,,1
Coal,2007,0.0,138.39,0.0,5950.41,-5950.41,,,1
Coal,2008,0.0,142.94,0.0,6093.349999999999,-6093.349999999999,,,1
Coal,2009,0.0,142.73,0.0,6236.079999999999,-6236.079999999999,,,1
Coal,2010,0.0,150.39,0.0,6386.469999999999,-6386.469999999999,,,1
Coal,2011,0.0,161.06,0.0,6547.53,-6547.53,,,1
Coal,2012,0.0,162.75,0.0,6710.28,-6710.28,,,1
Coal,2013,0.0,165.37,0.0,6875.65,-6875.65,,,1
Coal,2014,0.0,164.96,0.0,7040.61,-7040.61,,,1
Coal,2015,0.0,160.37,0.0,7200.98,-7200.98,,,1
Coal,2016,0.0,151.58,0.0,7352.5599999999995,-7352.5599999999995,,,1
Coal,2017,0.0,155.01,0.0,7507.57,-7507.57,,,1
Coal,2018,0.0,162.3,0.0,7669.87,-7669.87,,,1
Coal,2019,0.0,163.95,0.0,7833.82,-7833.82,,,1
Coal,2020,0.0,156.22,0.0,7990.04,-7990.04,,,1
Coal,2021,0.0,162.5,0.0,8152.54,-8152.54,,,1
Coal,2022,0.0,174.56,0.0,8327.1,-8327.1,,,1
