Year,Oil_Discoveries_Fixed,Oil_Cumulative_Discoveries_Fixed,Oil_Production_Fixed,Oil_Reserves_Fixed,Oil_discoveries_backdated,Oil_discoveries_cumulative_backdated,Oil_production_backdated,Oil_production_cumulative_backdated,Oil_reserves_backdated,Oil_Discoveries,Oil_Cumulative_Discoveries,Oil_Production,Oil_Cumulative_Production,Oil_Reserves,Oil_Discoveries_Richards_Fitted,Oil_Discoveries_Raw,Gas_Discoveries_Fixed,Gas_Cumulative_Discoveries_Fixed,Gas_Production_Fixed,Gas_Reserves_Fixed,Gas_Discoveries,Gas_Cumulative_Discoveries,Gas_Production,Gas_Cumulative_Production,Gas_Reserves,Gas_Discoveries_Raw,Coal_Discoveries_Fixed,Coal_Cumulative_Discoveries_Fixed,Coal_Production_Fixed,Coal_Reserves_Fixed,Coal_Discoveries,Coal_Cumulative_Discoveries,Coal_Production,Coal_Cumulative_Production,Coal_Reserves,Coal_Discoveries_Raw
1900,366.0,366.0,0.85,365.15,,,,,,0.0,0.0,0.85,0.85,-0.85,,0.0,183.0,183.0,0.265825512,182.734174488,0.0,1.99938,0.265825512,0.265825512,1.7335544880000002,0.0,0.0,0.0,19.26,-19.26,0.0,12.62327,19.26,19.26,-6.636730000000002,0.0
1901,123.49661401925253,489.49661401925255,0.95,488.54661401925256,29.97845,29.97845,1.5373829999999997,1.5373829999999997,28.441067,29.97845,29.97845,0.95,1.7999999999999998,28.17845,14.934477803266647,0.9925528,78.2806479662209,261.2806479662209,0.29458103,260.9860669362209,0.51032,2.5097,0.29458103,0.560406542,1.949293458,0.1752632,308.0978226723432,308.0978226723432,19.61,288.4878226723432,0.0,12.62327,19.61,38.870000000000005,-26.246730000000007,0.0
1902,124.25595992143806,613.7525739406906,1.03,612.7225739406906,7.6867686793,37.6652186793,0.7948672954,2.3322502953999997,35.332968383899996,7.6867686793,37.6652186793,1.03,2.83,34.8352186793,17.433067719525294,0.1752632,78.8140301271555,340.0946780933764,0.323336534,339.77134155937637,0.12758,2.63728,0.323336534,0.883743076,1.753536924,0.0438158,312.172402332151,620.2702250044943,20.08,600.1902250044942,3.7886,16.41187,20.08,58.95,-42.53813,3.7885999999999997
1903,125.00127318160459,738.7538471222952,1.1,737.6538471222951,1.5373537382999998,39.202572417599995,0.7948672954,3.1271175908,36.0754548268,1.5373537382999998,39.2025724176,1.1,3.93,35.2725724176,20.322247770104706,0.0,79.34142979968291,419.43610789305933,0.352092042,419.08401585105935,0.0,2.63728,0.352092042,1.235835118,1.401444882,0.0,316.24886170174904,936.5190867062433,21.91,914.6090867062434,28.24512,44.65699,21.91,80.86,-36.20301,28.24512
1904,125.7314510069362,864.4852981292313,1.23,863.2552981292313,13.8361836203,53.0387560379,0.7909608370999999,3.9180784279000003,49.12067761,13.8361836203,53.0387560379,1.23,5.16,47.87875603789999,23.65734297294282,43.336872,79.8622579958202,499.2983658888795,0.380847546,498.91751834287953,0.0,2.63728,0.380847546,1.616682664,1.020597336,11.629518000000001,320.3219156769166,1256.84100238316,22.03,1234.81100238316,4.857,49.51399,22.03,102.89,-53.37601,4.856999999999999
1905,126.44534870284548,990.9306468320767,1.21,989.7206468320767,13.8361836203,66.87493964599999,0.7948672954,4.7129457233,62.161993922699985,13.8361836203,66.87493965819999,1.21,6.37,60.5049396582,27.500369857941255,3.6627832,80.37589985373468,579.6742657426142,0.40960305,579.2646626926143,0.12758,2.76486,0.40960305,2.026285714,0.738574286,0.0438158,324.3857770510316,1581.2267794341915,23.75,1557.4767794341915,0.0828,49.59679,23.75,126.64,-77.04321,0.0828
1906,127.14177959612967,1118.0724264282064,1.21,1116.8624264282064,3.8433843366,70.71832400699999,0.7948672954,5.507813018699999,65.21051098829999,3.8433843366,70.71832399479999,1.21,7.58,63.13832399479999,31.920627823490015,0.1752632,80.88171418207318,660.5559799246874,0.438358558,660.1176213666874,0.12758,2.89244,0.438358558,2.464644272,0.427795728,0.0438158,328.43412319765605,1909.6609026318474,25.08,1884.5809026318475,0.0,49.59679,25.08,151.72,-102.12321,0.0
1907,127.81951513151695,1245.8919415597234,1.49,1244.4019415597234,3.8433843366,74.56170830699999,0.8717258985,6.3795389172,68.1821693898,3.8433843366,74.56170833139998,1.49,9.07,65.49170833139999,36.99530242372166,0.0,81.37903306578262,741.9350129904701,0.46711404,741.4678989504702,0.0,2.89244,0.46711404,2.9317583120000004,-0.0393183120000002,0.0,332.4600621050504,2242.120964736898,27.74,2214.380964736898,1.3958,50.99259,27.74,179.46,-128.46741,1.3958
1908,128.4772851604989,1374.3692267202223,1.61,1372.7592267202224,3.8433843366,78.405092668,1.8747821800999998,8.2543210973,70.15077157069999,3.8433843366,78.40509266799998,1.61,10.68,67.72509266799997,42.81007252747289,0.0,81.86716154253304,823.8021745330032,0.49586958,823.3063049530032,0.12758,3.02002,0.49586958,3.4276278920000003,-0.4076078920000001,0.36,336.4560980683481,2578.577062805246,26.36,2552.217062805246,0.9588,51.95139,26.36,205.82,-153.86861,0.9588
1909,129.11377844177593,1503.4830051619983,1.7,1501.7830051619983,11.530153015899998,89.93524569,1.964111184,10.2184322813,79.7168134087,11.530153015899998,89.93524568389998,1.7,12.38,77.55524568389998,49.45971167588335,1.589,82.34537735953576,906.1475518925389,0.524625084,905.6229268085389,0.0,3.02002,0.524625084,3.952252976000001,-0.9322329760000004,0.0,340.41409741838226,2918.9911602236284,27.55,2891.4411602236282,0.0,51.95139,27.55,233.37,-181.41861,0.0
1910,129.72764337357998,1633.2106485355782,1.85,1631.3606485355783,17.679567956899998,107.61481365299998,1.9511639157,12.169596196999999,95.44521745599998,17.679567956899998,107.61481364079998,1.85,14.23,93.38481364079998,57.04867229373418,2.5208,82.81293082126165,988.9604827138005,0.5673204,988.3931623138005,0.0,3.02002,0.5673204,4.519573376,-1.4995533760000002,0.6302,344.32525474731415,3263.316414970943,29.02,3234.296414970943,0.0,51.95139,29.02,262.39,-210.43861,0.0
1911,130.3174889787493,1763.5281375143275,1.95,1761.5781375143274,16.1422142186,123.75702783499999,1.964111184,14.133707380999999,109.623320454,16.1422142186,123.75702785939998,1.95,16.18,107.57702785939998,65.69163972249964,0.5257896,83.26904473908141,1072.229527452882,0.597475188,1071.6320522648818,0.0913901045037345,3.111410104503735,0.597475188,5.117048564,-2.0056384594962653,0.1314474,348.18006018352963,3611.4964751544726,29.54,3581.9564751544726,0.0,51.95139,29.54,291.93,-239.97861,0.0
1912,130.8818861635746,1894.410023677902,1.99,1892.420023677902,12.298829881999998,136.05585771699998,1.964111184,16.097818565,119.95803915199998,12.298829881999998,136.0558577414,1.99,18.17,117.8858577414,75.51404139266883,0.5257896,83.71291449453955,1155.9424419474215,0.627629976,1155.3148119714215,5.1854612970724725,8.296871401576208,0.627629976,5.74467854,2.5521928615762084,10.401886,351.96826836913453,3963.464743523607,31.0,3932.464743523607,5.0234,56.97479,31.0,322.93,-265.95521,5.0234
1913,131.41936927209207,2025.8293929499941,2.19,2023.639392949994,9.2241224115,145.279980159,1.964111184,18.061929748999997,127.21805040999999,9.2241224115,145.27998015289998,2.19,20.36,124.91998015289998,86.65249490042841,0.0,84.14370822847218,1240.0861501758936,0.657784764,1239.4283654118935,0.3467042732937802,8.643575674869988,0.657784764,6.402463303999999,2.2411123708699883,0.2544265,355.6788699042593,4319.1436134278665,33.22,4285.923613427866,2.678,59.65279,33.22,356.15,-296.49721,2.678
1914,131.92843795725878,2157.757830907253,2.26,2155.4978309072526,13.8361836203,159.116163761,1.964111184,20.026040932999997,139.090122828,13.8361836203,159.1161637732,2.26,22.62,136.49616377319998,99.25517736894213,5.6477896,84.56056716880703,1324.6467173447006,0.687939516,1323.9587778287007,1.4782071976788551,10.121782872548843,0.687939516,7.09040282,3.031380052548844,1.1491534,359.3000661415044,4678.443679569371,29.81,4648.6336795693705,0.0,59.65279,29.81,385.96,-326.30721,0.0
1915,132.40755939040977,2290.1653902976627,2.42,2287.7453902976627,12.298829881999998,171.41499364299997,1.9965666487999998,22.0226075818,149.39238606119997,12.298829881999998,171.4149936552,2.42,25.04,146.3749936552,113.4820973338424,0.1752632,84.96260611015843,1409.6093234548591,0.718094304,1408.891229150859,1.4172804613430323,11.539063333891876,0.718094304,7.808497124,3.730566209891877,1.0615218,362.8192483400984,5041.262927909469,29.34,5011.922927909469,0.0187999999999999,59.67159,29.34,415.3,-355.62841,0.0188
1916,132.85517082982645,2423.020561127489,2.6,2420.4205611274892,18.448244823,189.86323846599998,2.9449481606999997,24.967555742499997,164.8956827235,18.448244823,189.8632384782,2.6,27.64,162.22323847820002,129.50524957762673,5.3358952,85.34891405898519,1494.9582375138443,0.748249128,1494.2099883858443,6.92247824242885,18.461541576320727,0.748249128,8.556746252,9.904795324320729,5.3160773,366.2229823208753,5407.485910230344,31.47,5376.015910230344,0.0,59.67159,31.47,446.77,-387.09841,0.0
1917,133.26968256861565,2556.290243696105,2.87,2553.420243696105,11.530153015899998,201.393391488,3.0748928739,28.042448616399998,173.35094287159998,11.530153015899998,201.3933914941,2.87,30.51,170.8833914941,147.5086329319352,9.311863200000001,85.71855505805749,1580.6767925719018,0.778403916,1579.898388655902,0.0304633681679115,18.49200494448864,0.778403916,9.335150168,9.156854776488638,1.3122158000000002,369.49699989615226,5776.982910126497,32.77,5744.212910126496,6.8448,66.51639,32.77,479.54,-413.02361,6.8448
1918,133.64948128083236,2689.939724976937,2.85,2687.0897249769373,9.6084608476,211.00185235999996,3.0748928739,31.117341490299996,179.88451086969997,9.6084608476,211.0018523417,2.85,33.36,177.64185234169997,167.6881111522274,1.3299935200000002,86.07056920440465,1666.7473617763064,0.808558704,1665.9388030723064,0.4218301045037346,18.91383504899237,0.808558704,10.143708872,8.770126176992372,0.33249838000000004,372.6261984805937,6149.60910860709,32.19,6117.4191086070905,1.104,67.62039,32.19,511.73,-444.10961,1.104
1919,133.99293378334488,2823.9326587602823,3.25,2820.6826587602823,16.9108910908,227.91274346299997,3.0783953108999995,34.1957368012,193.71700666179999,16.9108910908,227.9127434325,3.25,36.61,191.3027434325,190.25109762272788,0.5257896,86.403973874806,1753.1513356511125,0.838713492,1752.3126221591126,0.0913901045037345,19.005225153496102,0.838713492,10.982422364,8.022802789496106,0.1314474,375.5946504130366,6525.203759020127,27.3,6497.903759020127,0.69,68.31039,27.3,539.03,-470.71961,0.69
1920,134.29839122908373,2958.231049989366,4.16,2954.071049989366,20.7542754274,248.66701886599998,3.9162001036999996,38.1119369049,210.55508196109997,20.7542754274,248.6670188599,4.16,40.77,207.8970188599,215.41604593717759,0.62645664,86.71776517282866,1839.8691008239412,0.86886828,1839.0002325439411,2.098694530195201,21.103919683691306,0.86886828,11.851290644,9.252629039691309,1.42874666,378.38562363068394,6903.589382650811,31.29,6872.299382650811,7.093500000000001,75.40389,31.29,570.3199999999999,-494.91611,7.0935
1921,134.56419374471776,3092.7952437340837,4.5,3088.2952437340837,14.604860486399998,263.271879328,4.1338545696999995,42.2457914746,221.0260878534,14.604860486399998,263.27187934629995,4.5,45.27,218.0018793463,243.41173037460402,0.3505264,87.01091961107186,1926.880020435013,0.899023032,1925.980997403013,0.0689403607362441,21.17286004442755,0.899023032,12.750313676,8.422546368427552,0.0876316,380.9816154269834,7284.570998077795,26.13,7258.440998077795,0.0,75.40389,26.13,596.4499999999999,-521.0461099999999,0.0
1922,134.78867552322373,3227.5839192573076,5.03,3222.5539192573074,15.7578757886,279.029755141,5.1214402143,47.3672316889,231.6625234521,15.7578757886,279.0297551349,5.03,50.3,228.7297551349,274.4763029810644,1.0515792,87.28239604180531,2014.1624164768182,0.95971014,2013.2027063368182,1.1533028942868129,22.326162938714365,0.95971014,13.710023816,8.616139122714365,1.1317478,383.3644010842313,7667.935399162026,27.58,7640.3553991620265,0.1739,75.57779000000001,27.58,624.03,-548.4522099999999,0.1739
1923,134.97017037824736,3362.554089635555,5.94,3356.614089635555,21.5229522935,300.552707404,6.0441255493999995,53.4113572383,247.14135016569998,21.5229522935,300.5527074284,5.94,56.24,244.3127074284,308.85611738601403,0.7216632000000001,87.53113784847216,2101.6935543252903,1.124447292,2100.5691070332905,0.034470180368122,22.36063311908249,1.124447292,14.834471108,7.526162011082487,0.18041580000000002,385.51509919133014,8053.450498353357,32.12,8021.330498353357,0.0,75.57779000000001,32.12,656.15,-580.5722099999999,0.0
1924,135.1070177633087,3497.661107398864,5.93,3491.731107398864,10.761476149799998,311.314183566,6.1733891793,59.5847464176,251.7294371484,10.761476149799998,311.3141835782,5.93,62.17,249.1441835782,346.8043136054052,0.1752632,87.75607540942357,2189.4496297347137,1.289184408,2188.1604453267137,0.034470180368122,22.395103299450607,1.289184408,16.123655516,6.271447783450608,0.0438158,387.41425542409337,8440.86475377745,31.28,8409.58475377745,1.0116999999999998,76.58949000000001,31.28,687.43,-610.84051,1.0117
1925,135.19756925450184,3632.858676653366,6.22,3626.638676653366,19.9855985613,331.29978217,6.1733891793,65.758135603,265.54164656700004,19.9855985613,331.29978213949994,6.22,68.39,262.90978213949995,388.5791628615331,139.274316,87.95612884422766,2277.4057585789415,1.45392156,2275.9518370189417,3.857409056191973,26.25251235564258,1.45392156,17.577577076,8.674935279642579,2.5089175,389.0419464682259,8829.906700245676,31.36,8798.546700245675,0.0,76.58949000000001,31.36,718.79,-642.2005099999999,0.0
1926,135.2401954903158,3768.0988721436815,6.38,3761.7188721436814,103.00270027699999,434.30248244699993,6.295171787499999,72.05330736,362.2491750869999,103.002700277,434.3024824164999,6.38,74.77,359.5324824165,434.44217679789267,0.13801976999999999,88.13021105100599,2365.5359696299474,1.61865864,2363.9173109899475,0.1040003636020387,26.35651271924462,1.61865864,19.196235716,7.16027700324462,0.08105923,390.3779055897921,9220.284605835468,31.22,9189.064605835469,8.7498729,85.33936290000001,31.22,750.01,-664.6706371,8.7498729
1927,135.23329355672945,3903.3321657004108,7.28,3896.0521657004106,136.055805562,570.358288009,7.255788227999999,79.30909558799999,491.04919242100004,136.055805562,570.3582879784999,7.28,82.05,488.3082879784999,484.6559912687747,94.81886121911336,88.27723104173609,2453.8132006716837,1.783395828,2452.029804843684,2.8661563422732814,29.2226690615179,1.783395828,20.979631544,8.243037517517902,1.7809854999999999,391.40167109313023,9611.686276928598,33.64,9578.046276928599,0.0,85.33936290000001,33.64,783.65,-698.3106371,0.0
1928,135.1752947996896,4038.5074605001005,7.65,4030.8574605001004,211.38613863499998,781.7444264,7.3648946763,86.67399030699998,695.070436093,211.386138635,781.7444266134999,7.65,89.7,692.0444266134998,539.4820409894382,339.158256,88.39609757995068,2542.209298251634,1.94813316,2540.261165091634,2.219605432035812,31.442274493553715,1.94813316,22.927764704,8.514509789553713,84.4850115,392.0927585388724,10003.77903546747,33.04,9970.73903546747,0.2068,85.54616290000001,33.04,816.6899999999999,-731.1438370999999,0.2068
1929,135.06467304047587,4173.572133540576,8.57,4165.002133540576,38.4338433843,820.1782700099999,8.205907696999999,94.879898004,725.2983720059999,38.4338433843,820.1782699977998,8.57,98.27,721.9082699977998,599.1780475669902,3.73792832,88.48572312290847,2630.6950213745426,2.0685816,2628.6264397745426,0.5789309018406104,32.021205395394325,2.0685816,24.996346304,7.024859091394326,0.6959820800000001,392.4308571168365,10396.209892584307,35.14,10361.069892584308,0.0,85.54616290000001,35.14,851.8299999999999,-766.2838370999999,0.0
1930,134.89995316273595,4308.472086703312,8.18,4300.292086703312,121.4509451,941.6292151099999,8.3403095338,103.22020755,838.40900756,121.4509451,941.6292150977998,8.18,106.45000000000002,835.1792150977998,663.9953495955042,51.939707999999996,88.54502806732175,2719.2400494418644,2.168638344,2717.0714110978643,0.823255608937817,32.84446100433214,2.168638344,27.164984648,5.679476356332138,1.304927,392.39604997283664,10788.605942557144,32.11,10756.495942557143,8.64,94.1861629,32.11,883.9399999999999,-789.7538370999999,8.64
1931,134.6797200323389,4443.151806735651,7.91,4435.241806735651,18.063906393,959.6931213199998,8.260878395999999,111.48108594600001,848.2120353739998,18.063906393,959.6931214908,7.91,114.36,845.3331214907998,734.1761093769471,33.1026082,88.57294529443536,2807.8129947362995,2.2716864,2805.5413083362996,0.0513751217875634,32.895836126119704,2.2716864,29.436671048,3.459165078119703,0.12947580000000003,391.96905757443596,11180.57500013158,28.32,11152.25500013158,0.69,94.8761629,28.32,912.26,-817.3838370999999,0.69
1932,134.40262770403172,4577.554434439683,7.55,4570.004434439683,34.5904590477,994.2835806299998,7.569102180299999,119.05018810799999,875.2333925219998,34.5904590477,994.2835805385,7.55,121.91,872.3735805384999,809.9504362009444,19.567996400000002,88.56842500678417,2896.381419743084,2.374734384,2894.006685359084,5.385685039176529,38.28152116529623,2.374734384,31.811405432,6.4701157332962325,3.2008606,391.1315023730557,11571.706502504634,25.18,11546.526502504634,2.3124,97.1885629,25.18,937.44,-840.2514371,2.3124
1933,134.06740886047237,4711.621843300156,8.24,4703.381843300156,16.1422142186,1010.42579469,8.2010585935,127.251246671,883.174548019,16.1422142186,1010.4257947571,8.24,130.15,880.2757947570999,891.5334707630718,21.693613934287537,88.53043984478568,2984.9118595878695,2.47778244,2982.4340771478696,0.12758,38.40910116529624,2.47778244,34.289187872,4.119913293296236,5.423403483571884,389.86619209167225,11961.572694596307,26.36,11935.212694596306,4.614,101.8025629,26.36,963.8,-861.9974371,4.614
1934,133.67288442211554,4845.294727722271,8.7,4836.594727722271,26.1350135023,1036.56080854,9.3558630013,136.60710971499998,899.953698825,26.1350135023,1036.5608082594,8.7,138.85,897.7108082593999,979.1224790184551,8.08192311089772,88.45799026726402,3073.3698498551335,2.580830424,3070.7890194311335,0.0,38.40910116529624,2.580830424,36.870018296,1.5390828692962373,0.0,388.15741796004505,12349.730112556352,28.77,12320.960112556351,0.9418,102.7443629,28.77,992.57,-889.8256370999999,0.9418
1935,133.21797325798607,4978.512700980257,9.46,4969.052700980257,24.597659763999996,1061.15846806,9.520635987799999,146.127745654,915.0307224059999,24.597659764,1061.1584680233998,9.46,148.31,912.8484680233998,1072.8940063739485,19.176389240000002,88.35011017534899,3161.7199600304825,2.68387848,3159.0360815504823,0.1395501566185023,38.54865132191474,2.68387848,39.553896776,-1.0052454540852551,0.13284906000000002,385.99126316530845,12735.72137572166,30.0,12705.72137572166,18.148,120.8923629,30.0,1022.57,-901.6776371,18.148
1936,132.7017019202306,5111.214402900488,10.3,5100.914402900487,123.75697567999998,1184.91544374,10.5610253735,156.688771058,1028.226672682,123.75697567999998,1184.9154437034,10.3,158.61,1026.3054437033998,1173.0011444706777,210.6480567738871,88.20587275436698,3249.9258327848497,2.786926464,3247.13890632085,6.512332468802907,45.06098379071765,2.786926464,42.34082323999999,2.720160550717658,2.51732943,383.355915726389,13119.07729144805,32.96,13086.11729144805,1.3461999999999998,122.2385629,32.96,1055.53,-933.2914371,1.3461999999999998
1937,132.1232143179417,5243.337617218429,11.73,5231.607617218429,65.337533771,1250.25297745,11.5211842591,168.209955311,1082.043022139,65.337533771,1250.2529774743998,11.73,170.34,1079.9129774744,1279.570962794046,59.52128010999999,88.02439650355512,3337.950229288405,2.9898774,3334.960351888405,6.659247334765565,51.72023112548322,2.9898774,45.33070063999999,6.389530485483228,2.64731689,380.24197898831665,13499.319270436366,34.63,13464.689270436367,0.1104,122.3489629,34.63,1090.16,-967.8110371,0.1104
1938,131.48178123934937,5374.819398457778,11.45,5363.3693984577785,311.31413141099995,1561.5671088,11.733130949,179.94308625999997,1381.62402254,311.31413141099995,1561.5671088853996,11.45,181.79,1379.7771088853997,1392.7021559139293,592.6141778479605,87.80485141797841,3425.7550807063835,3.17501388,3422.5800668263837,3.982093493888772,55.70232461937199,3.17501388,48.50571451999999,7.196610099371995,98.3810456836496,376.64277202639494,13875.962042462761,32.31,13843.652042462762,4.122,126.4709629,32.31,1122.47,-995.9990371,4.122
1939,130.77680962541308,5505.596208083191,11.93,5493.666208083191,26.903690368399996,1588.4707995099998,12.682421116899999,192.62550738299998,1395.8452921269998,26.9036903684,1588.4707992537997,11.93,193.72,1394.7507992537996,1512.4629543006058,23.775688048688824,87.54646528234039,3513.301545988724,3.40309836,3509.8984476287237,0.2303302435751268,55.93265486294711,3.40309836,51.90881287999999,4.023841982947118,3.4620477732980275,372.5546115176173,14248.516653980378,34.13,14214.386653980378,2.5208,128.9917629,34.13,1156.6,-1027.6082371000002,2.5208
1940,130.00785149316184,5635.604059576353,12.31,5623.294059576353,147.20162015399998,1735.67241942,12.808286192799999,205.43379358800001,1530.238625832,147.20162015399998,1735.6724194077997,12.31,206.03,1529.6424194077997,1638.889342433846,147.81249285576553,87.24853003085465,3600.5500760195782,3.63118284,3596.9188931795784,0.738043308989957,56.67069817193707,3.63118284,55.53999571999999,1.1307024519370756,1.3470760800000001,367.97706614408565,14616.493720124463,37.64,14578.853720124464,13.0852,142.0769629,37.64,1194.2400000000002,-1052.1630371,13.0852
1941,129.1746124031817,5764.778671979535,12.68,5752.098671979535,78.405040513,1814.07745975,12.838079336999998,218.271872925,1595.8055868249999,78.405040513,1814.0774599208,12.68,218.71,1595.3674599207995,1771.9836224291992,16.80719568,86.91040812271622,3687.4604841422943,3.85926732,3683.601216822294,2.278425138808913,58.94912331074598,3.85926732,59.39926304,-0.4501397292540119,2.22759342,362.9131744070049,14979.406894531468,39.02,14940.386894531468,3.7727,145.8496629,39.02,1233.2600000000002,-1087.4103371,3.7727
1942,128.27695936355164,5893.055631343086,11.94,5881.1156313430865,103.77137713699999,1917.84883707,12.849576000899999,231.121448932,1686.727388138,103.771377137,1917.8488370577995,11.94,230.65,1687.1988370577994,1911.7133548027246,5.59762617,86.53153887777654,3773.992023020071,4.0873518,3769.904671220071,0.1439840102827193,59.093107321028704,4.0873518,63.48661484,-4.39350751897129,0.27271083,357.3696169067455,15336.776511438215,39.69,15297.086511438214,1.2558,147.1054629,39.69,1272.9500000000005,-1125.8445371000005,1.2558
1943,127.31492806112935,6020.370559404216,12.85,6007.520559404215,18.448244823,1936.29708171,13.776957982199997,244.898406902,1691.398674808,18.448244823,1936.2970818808,12.85,243.5,1692.7970818807996,2058.010700482559,3.76801172,86.11144471291405,3860.103467732985,4.31543628,3855.788031452985,5.969118389687322,65.06222571071602,4.31543628,67.80205111999999,-2.7398254092839665,3.04740868,351.3568347268632,15688.133346165077,40.79,15647.343346165077,22.312500000000004,169.4179629,40.79,1313.7400000000002,-1144.3220371000002,22.3125
1944,126.28872931239987,6146.659288716615,14.75,6131.909288716615,52.2700270046,1988.5671088000001,15.847924976799998,260.74633189099995,1727.8207769090002,52.2700270046,1988.5671088854,14.75,258.25,1730.3171088853996,2210.7721799868855,9.2022105769865,85.64973721560872,3945.7532049485935,4.54352076,3941.2096841885937,6.735831962792062,71.79805767350808,4.54352076,72.34557188,-0.5475142064919112,4.2742962722235,344.8890865716708,16033.022432736749,39.16,15993.862432736749,18.9595,188.3774629,39.16,1352.9000000000003,-1164.5225371000004,18.9595
1945,125.19875462822725,6271.858043344842,14.74,6257.118043344843,80.326732663,2068.89384128,15.995037835,276.74136972599996,1792.152471554,80.326732663,2068.8938415483995,14.74,272.99,1795.9038415483994,2369.8588570816173,251.42925157986357,85.14612298808257,4030.899327936676,4.77160524,4026.127722696676,0.3348957439998953,72.13295341750798,4.77160524,77.11717712,-4.984223702492017,43.99026454938769,337.98443874418905,16371.006871480939,31.42,16339.586871480938,0.4588,188.8362629,31.42,1384.3200000000004,-1195.4837371000003,0.4588
1946,124.0455807914016,6395.903624136244,15.68,6380.223624136243,34.9747974777,2103.86863902,16.0474118982,292.788781612,1811.079857408,34.9747974777,2103.8686390261,15.68,288.67,1815.1986390260995,2535.096945478813,11.728744,84.60040919296628,4115.499737129642,5.02698996,4110.472747169642,1.0051095738668367,73.13806299137481,5.02698996,82.14416707999999,-9.006104088625179,2.4910125,330.66468388476244,16701.6715553657,33.83,16667.8415553657,0.6559,189.4921629,33.83,1418.1500000000003,-1228.6578371000005,0.6559
1947,122.82997335248928,6518.733597488733,17.27,6501.463597488732,27.672367234499998,2131.54100598,17.877359639499996,310.666141221,1820.874864759,27.6723672345,2131.5410062606,17.27,305.94,1825.6010062606,2706.2788285105644,5.204919256,84.0125087297603,4199.512245859402,5.56156044,4193.950685419402,4.858819242235839,77.99688223361065,5.56156044,87.70572751999998,-9.708845286389334,2.745718915788277,322.9551865575001,17024.626741923203,38.01,16986.616741923204,12.4728,201.9649629,38.01,1456.1600000000003,-1254.1950371000005,12.4728
1948,121.55288895750319,6640.286486446236,19.54,6620.746486446236,890.71844675,3022.25945273,20.0433887108,330.709529944,2691.549922786,890.71844675,3022.2594530106,19.54,325.48,2696.7794530106,2883.1644734745487,1354.6155235532683,83.38244497088759,4282.89469083029,6.28766532,4276.6070255102895,1.18081911298284,79.1777013465935,6.28766532,93.99339283999998,-14.81569149340649,147.46313276332262,314.8846561838468,17339.51139810705,39.28,17300.23139810705,13.4452,215.4101629,39.28,1495.4400000000005,-1280.0298371000003,13.4452
1949,120.21547643149935,6760.501962877735,19.43,6741.071962877735,124.52565253999998,3146.7851052699993,20.3613879206,351.070917889,2795.714187380999,124.52565253999998,3146.7851055506,19.43,344.91,2801.8751055506,3065.483214736204,33.67038322998649,82.71035598652782,4365.605046816818,6.71871312,4358.886333696818,29.54809829408369,108.72579964067718,6.71871312,100.71210596,8.013693680677193,20.5456466719845,306.48485036494276,17645.996248471994,37.35,17608.646248471996,22.717,238.1271629,37.35,1532.7900000000002,-1294.6628371000002,22.717
1950,118.81907655438972,6879.321039432125,21.8,6857.521039432125,62.26282626999999,3209.04793154,22.6499107381,373.720828621,2835.327102919,62.26282626999999,3209.0479318206,21.8,366.71,2842.3379318206,3252.935872898118,63.22512803788515,81.99649818911833,4447.601545005936,7.69188168,4439.909663325936,8.050022814691655,116.77582245536884,7.69188168,108.40398763999998,8.371834815368857,8.578009159178173,297.79021417489855,17943.786462646895,40.8,17902.986462646895,194.94739,433.0745529,40.8,1573.59,-1140.5154471,194.94739
1951,117.36522047897681,6996.686259911102,24.72,6971.966259911102,270.958595834,3480.00652774,25.3635421103,399.084370713,3080.922157027,270.958595834,3480.0065276546,24.72,391.43000000000006,3088.5765276546,3445.1971715804625,365.76052587031154,81.24124933138138,4528.842794337317,9.12423348,4519.718560857317,37.10893852834135,153.88476098371018,9.12423348,117.52822111999998,36.3565398637102,68.71120062,288.8374634054181,18232.623926052314,42.98,18189.643926052315,6.1176,439.1921529,42.98,1616.5700000000002,-1177.3778471000005,6.1175999999999995
1952,115.8556267570445,7112.541886668147,25.99,7086.551886668147,46.889288929699994,3526.89581681,26.7481685077,425.83253923899997,3101.063277571,46.8892889297,3526.8958165843,25.99,417.4200000000001,3109.4758165842995,3641.918408725296,35.2892073,80.44511079582205,4609.287905133139,9.82665612,4599.461249013139,14.77657157131184,168.66133255502203,9.82665612,127.35487723999998,41.30645531502205,9.3280597,279.6651218617441,18512.28904791406,42.73,18469.55904791406,27.9488,467.1409529,42.73,1659.3000000000002,-1192.1590471000002,27.948800000000002
1953,114.29219695587949,7226.834083624026,27.48,7199.354083624026,234.446444618,3761.3422609399995,28.817925213499997,454.6504644219999,3306.6917965179996,234.446444618,3761.3422612023,27.48,444.9000000000001,3316.4422612022995,3842.7303359239763,1187.7003561014108,79.60870911921037,4688.8966142523495,10.390842,4678.50577225235,4.259291449027344,172.92062400404936,10.390842,137.74571923999997,35.17490476404939,8.1182532720475,270.31302452244427,18782.602072436504,42.92,18739.682072436506,11.651484,478.7924368999999,42.92,1702.2200000000005,-1223.4275631000005,11.651484
1954,112.67700986544033,7339.5110934894665,28.77,7310.741093489466,107.614761498,3868.9570225599996,30.4031151274,485.05357958599996,3383.9034429739995,107.614761498,3868.9570227003,28.77,473.6700000000001,3395.2870227002995,4047.246197106495,64.48069170019146,78.73279670225456,4767.629410954604,10.89935316,4756.730057794604,2.5105858692659,175.43120987331525,10.89935316,148.64507239999998,26.78613747331528,6.64292953,260.82179958577444,19043.42387202228,42.37,19001.05387202228,19.6757,498.46813689999993,42.37,1744.59,-1246.1218631000002,19.6757
1955,111.01231431527289,7450.52340780474,32.24,7418.28340780474,143.742574284,4012.69959721,34.3657115139,519.419291106,3493.280306104,143.742574284,4012.6995969843,32.24,505.9100000000001,3506.7895969843,4255.064877014682,219.86804883546438,77.81825166276889,4845.447662617373,11.8568268,4833.590835817373,1.9874216296354748,177.41863150295072,11.8568268,160.50189919999997,16.91673230295075,17.1508465720475,251.23234305959804,19294.656215081875,46.04,19248.616215081875,51.52309999999999,549.9912368999999,46.04,1790.63,-1240.6387631000002,51.5231
1956,109.30052063864034,7559.82392844338,35.09,7524.73392844338,169.87758776799998,4182.577184489999,36.3321425706,555.75143364,3626.825750849999,169.87758776799998,4182.577184752299,35.09,541.0000000000001,3641.577184752299,4465.774110158104,595.7818718654034,76.86607679961932,4922.313739416992,12.85829928,4909.4554401369915,25.63770072915908,203.0563322321098,12.85829928,173.36019847999998,29.69613375210983,58.25242409622264,241.5852995845117,19536.241514666388,48.65,19487.591514666387,46.50337,596.4946068999999,48.65,1839.28,-1242.7853931000004,46.50337
1957,107.54419084076241,7667.368119284142,36.97,7630.398119284142,241.36453647999997,4423.94172097,38.484005233699996,594.2354388919999,3829.7062820779997,241.36453648,4423.941721232299,36.97,577.9700000000001,3845.9717212322985,4678.953702335536,286.95218096093737,75.87739764498654,4998.191137061978,13.97057688,4984.220560181978,20.42659883875073,223.48293107086053,13.97057688,187.33077536,36.15215571086054,31.586315868091578,231.92056261702305,19768.16207728341,50.02,19718.14207728341,45.333,641.8276068999999,50.02,1889.3,-1247.4723931000003,45.333
1958,105.74602754603394,7773.114146830177,37.9,7735.214146830177,322.07560757299996,4746.01732897,39.9345038963,634.1699427699999,4111.8473862,322.075607573,4746.017328805298,37.9,615.8700000000001,4130.1473288052985,4894.178719180548,486.0281495154541,74.8534595935187,5073.044596655497,15.0265692,5058.018027455497,8.48342822657129,231.9663592974318,15.0265692,202.35734456,29.609014737431806,36.7027777673365,222.2768059926363,19990.438883276045,51.6,19938.838883276047,88.4569,730.2845068999999,51.6,1940.9,-1210.6154931,88.4569
1959,103.90886181703925,7877.023008647216,40.9,7836.123008647216,149.123312304,4895.14064103,43.105703960599996,677.27564645,4217.86499458,149.123312304,4895.1406411092985,40.9,656.7700000000001,4238.370641109298,5111.022599418979,452.11928209940515,73.79562410842216,5146.840220763919,16.7748336,5130.065387163919,10.44847965165788,242.4148389490897,16.7748336,219.13217816,23.282660789089704,96.89122704100895,212.69105731629858,20203.129940592342,53.48,20149.649940592342,15.5957,745.8802068999998,53.48,1994.38,-1248.4997931000005,15.5957
1960,102.03563995430586,7979.058648601522,44.07,7934.988648601522,327.45634565399996,5222.596987049999,45.871117817999995,723.1467643899999,4499.45022266,327.456345654,5222.596986763298,44.07,700.8400000000001,4521.756986763298,5329.060154454798,101.57144314141645,72.70536401701362,5219.545584780933,18.26036532,5201.285219460932,26.20037440559526,268.6152133546849,18.26036532,237.39254348,31.222669874684957,21.48755802069069,203.19832169898692,20406.32826229133,55.71,20350.61826229133,35.513400000000004,781.3936068999999,55.71,2050.09,-1268.6963931000005,35.513400000000004
1961,100.1294094006755,8079.188058002197,46.91,8032.278058002197,283.257425716,5505.854412399999,49.2390705092,772.38583507,4733.468577329999,283.257425716,5505.854412479299,46.91,747.7500000000001,4758.104412479299,5547.87042036815,385.40550624836334,71.58425792036755,5291.1298427013,19.61796456,5271.5118781413,8.739711015278239,277.3549243699632,19.61796456,257.01050804,20.344416329963224,35.73276427966153,193.83126219628107,20600.159524487608,52.49,20547.669524487606,12.85997,794.2535768999999,52.49,2102.58,-1308.3264231,12.85997
1962,98.19330388698003,8177.381361889177,50.88,8126.501361889177,279.798379846,5785.65279249,53.6434537898,826.02928875,4959.62350374,279.798379846,5785.652792325299,50.88,798.6300000000001,4987.022792325299,5767.039333251801,206.40862041600798,70.43398375415485,5361.563826455455,21.46318056,5340.100645895454,22.704033162488336,300.0589575324516,21.46318056,278.4736886,21.585268932451527,51.94071059665438,184.61994103423956,20784.779465521846,53.75,20731.029465521846,11.2799,805.5334768999999,53.75,2156.33,-1350.7965231,11.279900000000001
1963,96.23052796629952,8273.611889855476,54.59,8219.021889855476,172.95229520799998,5958.605087819999,58.222346187599996,884.25163484,5074.35345298,172.95229520799998,5958.6050875332985,54.59,853.2200000000001,5105.385087533298,5986.162203871628,1040.1535144237507,69.25631154983913,5430.820138005293,23.4846144,5407.335523605293,6.564396349724783,306.62335388217633,23.4846144,301.958303,4.665050882176331,12.307715047006687,175.59162345705406,20960.3710889789,55.38,20904.9910889789,8.024000000000001,813.5574768999999,55.38,2211.71,-1398.1525231,8.024000000000001
1964,94.24434109230874,8367.856230947784,58.96,8308.896230947785,415.854185408,6374.459270299999,62.644454409,946.89608931,5427.563180989999,415.854185408,6374.459272941299,58.96,912.1800000000002,5462.279272941299,6204.845972765137,800.4048071053552,68.05309545701887,5498.873233462312,25.65938304,5473.213850422312,17.685272360381177,324.3086262425575,25.65938304,327.61768604,-3.309059797442501,17.302656955589384,166.77064390672794,21127.14173288563,57.83,21069.311732885628,35.394328,848.9518048999998,57.83,2269.54,-1420.5881951,35.394328
1965,92.23804140273073,8460.094272350514,65.63,8394.464272350515,293.634563448,6668.0938357,66.450149066,1013.34623862,5654.747597080001,293.634563448,6668.093836389299,65.63,977.8100000000002,5690.283836389299,6422.711231953707,862.4340874438706,66.82626509810495,5565.699498560417,27.49854744,5538.200951120417,36.63034472162085,360.9389709641784,27.49854744,355.11623348,5.82273748417839,160.97787533393338,158.1783323412895,21285.32006522692,58.97,21226.350065226918,14.6662,863.6180048999998,58.97,2328.51,-1464.8919950999998,14.6662
1966,90.2149493716514,8550.309221722166,71.27,8479.039221722165,149.123312304,6817.217150199999,72.89789432799999,1086.2441330699999,5730.97301713,149.123312304,6817.217148693299,71.27,1049.0800000000002,5768.137148693299,6639.394004322947,1227.4472277390416,65.57781633675255,5631.277314897169,29.5885368,5601.688778097169,138.51837614941832,499.4573471135967,29.5885368,384.70477028,114.75257683359672,299.7590253916819,149.8329968811051,21435.153062108024,59.79,21375.363062108023,31.6368,895.2548048999998,59.79,2388.3,-1493.0451951,31.6368
1967,88.17839149461902,8638.487613216785,76.46,8562.027613216786,189.863186311,7007.0803334,78.711336092,1164.95546904,5842.12486436,189.863186311,7007.0803350043,76.46,1125.5400000000002,5881.5403350043,6854.547276320548,591.2047012266735,64.3098015492327,5695.5871164464015,31.842486,5663.744630446402,189.3054373780141,688.7627844916108,31.842486,416.54725628,272.2155282116108,149.76735775263884,141.74995768640878,21576.903019794434,57.67,21519.233019794436,16.4488,911.7036048999998,57.67,2445.97,-1534.2663951,16.4488
1968,86.13168416751351,8724.619297384299,83.41,8641.2092973843,321.306930713,7328.3872682,84.607974536,1249.5634432099998,6078.8238249900005,321.306930713,7328.3872657173,83.41,1208.9500000000005,6119.437265717299,7067.842283854881,449.8502145521629,63.024319495486665,5758.611435941888,34.8320628,5723.779373141888,44.49787333008141,733.2606578216921,34.8320628,451.37931908,281.8813387416921,112.8256052206816,133.94162602877492,21710.84464582321,59.27,21651.57464582321,25.6573,937.3609048999998,59.27,2505.24,-1567.8790951,25.6573
1969,84.07811791499803,8808.697415299297,89.79,8718.907415299296,239.058505839,7567.4457741,93.384630441,1342.9480741999998,6224.4976999,239.058505839,7567.445771556299,89.79,1298.7400000000002,6268.705771556299,7278.969555089158,1060.459855275069,61.72350489154244,5820.334940833431,38.2527288,5782.082212033431,102.46508704728969,835.7257448689818,38.2527288,489.63204788,346.0936969889818,284.9300206702006,126.41762192447459,21837.262267747683,60.47,21776.79226774768,22.1634,959.5243048999998,60.47,2565.71,-1606.1856950999995,22.1634
1970,82.0209421163819,8890.718357415679,98.76,8791.958357415679,125.29432946099999,7692.7401035,100.69272025199999,1443.6407943299998,6249.09930917,125.294329461,7692.7401010173,98.76,1397.5000000000002,6295.2401010173,7487.639717176122,238.58803372985736,60.40951778877845,5880.744458622209,35.139222,5845.605236622209,43.80103445416327,879.5267793231451,35.139222,524.77126988,354.7555094431451,53.279461881615546,119.18492342221704,21956.4471911699,62.89,21893.5571911699,63.82399999999999,1023.3483048999998,62.89,2628.5999999999995,-1605.2516950999998,63.824
1971,79.96335036668374,8970.681707782363,104.4,8866.281707782364,288.253825367,7980.993926,106.69336052399998,1550.3341546099998,6430.65977139,288.253825367,7980.9939263843,104.4,1501.9000000000003,6479.093926384299,7693.584076843409,2370.093050767012,59.08453286735969,5939.828991489569,37.5883056,5902.240685889568,48.60984583461357,928.1366251577588,37.5883056,562.35957548,365.7770496777586,415.46830152797827,112.24804064817445,22068.695231818074,62.32,22006.375231818074,28.2325,1051.5808048999995,62.32,2690.92,-1639.3391951,28.2325
1972,77.90846659858782,9048.590174380952,110.34,8938.250174380952,102.618361847,8083.6122862,113.376297325,1663.7104522399998,6419.901833960001,102.618361847,8083.6122882313,110.34,1612.2400000000002,6471.3722882313,7896.554987113955,226.72940478251246,57.750728751080736,5997.579720240649,39.4397424,5958.139977840649,13.968240372565996,942.1048655303248,39.4397424,601.79931788,340.3055476503247,34.00812047356674,105.60920796138505,22174.30443977946,62.1,22112.20443977946,79.22991,1130.8107148999998,62.1,2753.0199999999995,-1622.2092850999998,79.22991
1973,75.85933207737428,9124.449506458326,120.4,9004.049506458327,233.67776775800002,8317.290055299998,122.61844728,1786.3288995199998,6530.961155779998,233.677767758,8317.2900559893,120.4,1732.6400000000003,6584.6500559893,8096.326014335612,1236.855507648428,56.410277449156695,6053.989997689806,41.3377236,6012.652274089806,63.075167082690655,1005.1800326130152,41.3377236,643.13704148,362.0429911330153,283.2611110876328,99.26858801280308,22273.573027792263,63.21,22210.363027792264,49.8837,1180.6944149,63.21,2816.23,-1635.5355850999997,49.883700000000005
1974,73.81889336548748,9198.268399823814,120.67,9077.598399823813,172.95229520799998,8490.2423488,123.191978918,1909.5208779499999,6580.7214708500005,172.95229520799998,8490.242351197301,120.67,1853.3100000000004,6636.932351197301,8292.691921118947,384.0317422395436,55.06533402695089,6109.055331716757,42.2103762,6066.844955516757,49.11667901457626,1054.2967116275915,42.2103762,685.34741768,368.9492939475915,215.4694415333892,93.22448208033995,22366.797509872602,63.77,22303.0275098726,48.991200000000006,1229.6856148999998,63.77,2879.9999999999995,-1650.3143850999998,48.991200000000006
1975,71.78999133798982,9270.058391161803,114.62,9155.438391161802,176.027002709,8666.2693534,118.293368245,2027.8142464999999,6638.455106900001,176.027002709,8666.2693539063,114.62,1967.9300000000003,6698.3393539063,8485.468481769987,637.4873996864638,53.71802660247574,6162.773358319233,42.3003708,6120.472987519233,109.9883941806084,1164.2851058082,42.3003708,727.64778848,436.6373173281999,68.35969854444946,87.4735417246021,22454.271051597203,67.56,22386.7110515972,102.156922,1331.8425368999997,67.56,2947.5599999999995,-1615.7174630999998,102.15692200000001
1976,69.77535131283186,9339.833742474635,124.53,9215.303742474634,158.731773176,8825.001125599998,124.86559663399998,2152.67984289,6672.321282709998,158.731773176,8825.0011270823,124.53,2092.4600000000005,6732.541127082299,8674.492147390645,241.27377626245485,52.37044675889194,6215.143805078125,44.124408,6171.019397078126,48.37448164203645,1212.6595874502364,44.124408,771.77219648,440.8873909702363,28.051264748439785,82.01097752819554,22536.2820291254,69.48,22466.8020291254,42.9508,1374.7933368999998,69.48,3017.0399999999995,-1642.2466630999998,42.9508
1977,67.7775743437795,9407.611316818415,128.88,9278.731316818416,238.67416740899998,9063.675294899998,131.579389675,2284.25923287,6779.416062029999,238.674167409,9063.6752944913,128.88,2221.3400000000006,6842.3352944913,8859.619578044267,128.22504190775715,51.024640455393495,6266.168445533519,45.9869796,6220.181465933519,57.04159412177475,1269.7011815720111,45.9869796,817.7591760800001,451.9420054920111,37.845709132989384,76.83076141334499,22613.112790538744,71.59,22541.522790538744,73.28228,1448.0756168999997,71.59,3088.63,-1640.5543831,73.28228
1978,65.79912970628264,9473.410446524696,130.05,9343.360446524697,147.20162015399998,9210.8769142,133.39265536199997,2417.65188811,6793.22502609,147.20162015399998,9210.8769146453,130.05,2351.390000000001,6859.486914645298,9040.727059290313,237.18343241264228,49.68259950972121,6315.85104504324,47.5437816,6268.30726344324,85.90084198132473,1355.6020235533358,47.5437816,865.3029576800001,490.2990658733357,69.17389989860659,71.92581974396994,22685.038610282714,72.7,22612.338610282713,91.2398,1539.3154168999995,72.7,3161.3299999999995,-1622.0145830999998,91.2398
1979,63.84234859110544,9537.252795115803,135.55,9401.702795115803,245.59225921,9456.4691728,138.42695931499998,2556.07884773,6900.3903250700005,245.59225921,9456.4691738553,135.55,2486.940000000001,6969.529173855299,9217.709820025198,2398.8373213744353,48.34625371586114,6364.197298759102,50.7492756,6313.4480231591015,88.19439232190147,1443.7964158752372,50.7492756,916.05223328,527.7441825952371,362.89584443910394,67.28821508805717,22752.326825370772,76.97,22675.35682537077,103.9739,1643.2893168999997,76.97,3238.2999999999997,-1595.0106830999996,103.9739
1980,61.90941900432283,9599.162214120126,129.42,9469.742214120126,82.248424813,9538.7176017,134.044716814,2690.1235643,6848.5940374,82.248424813,9538.7175986683,129.42,2616.360000000001,6922.357598668299,9390.481267970614,193.25072214002026,47.01746364987353,6411.214762408975,51.4200168,6359.794745608975,83.96764878823467,1527.7640646634718,51.4200168,967.47225008,560.2918145834717,83.64891713318993,62.90931512869036,22815.236140499463,75.49,22739.74614049946,111.11584,1754.4051568999996,75.49,3313.789999999999,-1559.3848430999994,111.11583999999999
1981,60.002381857997754,9659.164595978124,121.96,9537.204595978124,149.89198922499997,9688.6095894,124.87686504199999,2815.0004292199997,6873.60916018,149.89198922499995,9688.6095878933,121.96,2738.320000000001,6950.289587893298,9558.972158368848,312.49127508812103,45.69801420594828,6456.912776614923,52.311528,6404.601248614923,24.6957135940786,1552.4597782575504,52.311528,1019.78377808,532.6760001775503,31.32512022057989,58.779947754199334,22874.016088253662,77.2,22796.81608825366,157.76878999999997,1912.1739468999997,77.2,3390.989999999999,-1478.8160530999994,157.76879
1982,58.12312822241072,9717.287724200534,117.14,9600.147724200535,160.653465326,9849.2630507,118.70682020599999,2933.70724967,6915.555801029999,160.653465326,9849.2630532193,117.14,2855.460000000001,6993.803053219299,9723.129710518311,817.0817087829442,44.3896088938362,6501.3023855087595,52.5509568,6448.75142870876,18.53378163141923,1570.9935598889697,52.5509568,1072.33473488,498.6588250089696,163.9936052952024,54.890541828385466,22928.90663008205,79.94,22848.96663008205,122.9122,2035.0861468999997,79.94,3470.929999999999,-1435.8438530999997,122.9122
1983,56.27339769860672,9773.561121899142,115.64,9657.921121899142,79.55805580299999,9928.821111199999,118.00408379699998,3051.7113330399998,6877.109778159999,79.55805580299999,9928.8211090223,115.64,2971.100000000001,6957.721109022299,9882.916685748669,299.3038939671095,43.09386491764927,6544.396250426409,53.021016,6491.375234426409,17.54111917932417,1588.5346790682938,53.021016,1125.35575088,463.17892818829387,103.94324600019125,51.23125353576995,22980.13788361782,79.69,22900.44788361782,71.53724000000001,2106.6233869,79.69,3550.619999999999,-1443.9966130999996,71.53724
1984,54.45477785947921,9828.01589975862,117.91,9710.10589975862,153.735373525,10082.5564832,119.77337281499999,3171.48470616,6911.071777040001,153.735373525,10082.5564825473,117.91,3089.0100000000007,6993.546482547299,10038.310439328925,617.3755677780523,41.81230904560145,6586.20855947201,57.5590284,6528.64953107201,31.7192816623966,1620.2539607306903,57.5590284,1182.91477928,437.3391814506904,51.12959395021066,47.79207851956533,23027.929962137383,83.18,22944.749962137383,73.24974999999999,2179.8731368999997,83.18,3633.799999999999,-1453.9268630999995,73.24975
1985,52.6687046985311,9880.684604457152,116.88,9763.804604457153,180.63906393,10263.1955453,119.25396104799998,3290.73866733,6972.4568779699985,180.63906393,10263.1955464773,116.88,3205.890000000001,7057.305546477299,10189.301957653624,3178.0889414610137,40.546374269865886,6626.754933741876,59.0772384,6567.677695341876,10.36160147331202,1630.6155622040023,59.0772384,1241.99201768,388.62354452400245,598.6360865567533,44.562950284848476,23072.492912422233,87.4,22985.09291242223,95.678119,2275.5512558999994,87.4,3721.199999999999,-1445.6487440999997,95.678119
1986,50.91646401821379,9931.601068475366,122.65,9808.951068475366,115.301530159,10378.4970743,123.816405052,3414.5550722599996,6963.942002039999,115.301530159,10378.4970766363,122.65,3328.540000000001,7049.9570766363,10335.894890888598,522.8284043968664,39.29739724625706,6666.052330988133,60.605226,6605.447104988133,19.395423383148287,1650.0109855871506,60.605226,1302.5972436799998,347.4137419071508,63.447020394784396,41.5338255323952,23114.026737954628,89.47,23024.556737954626,67.01983988227738,2342.5710957822766,89.47,3810.669999999999,-1468.098904217722,67.0198398822774
1987,49.199193683644026,9980.80026215901,122.93,9857.87026215901,93.778577835,10472.2756561,125.644146771,3540.19921897,6932.076437130001,93.778577835,10472.2756544713,122.93,3451.4700000000007,7020.8056544713,10478.104590101606,735.9701185160555,38.06661649460333,6704.118947482736,63.6428808,6640.476066682736,74.65114483459308,1724.6621304217438,63.6428808,1366.2401244799998,358.4220059417439,126.904061613219,38.694757227341,23152.72149518197,91.16,23061.56149518197,88.1969,2430.767995782277,91.16,3901.829999999999,-1471.062004217722,88.1969
1988,47.517886663533204,10028.318148822542,128.19,9900.128148822541,83.78577859399999,10556.0614314,129.133678184,3669.33289691,6886.728534489999,83.78577859399999,10556.0614330653,128.19,3579.6600000000008,6976.4014330653,10615.957156773535,1092.7457653997399,36.85517133290629,6740.974118815642,66.4479648,6674.5261540156425,75.99407266429688,1800.6562030860407,66.4479648,1432.6880892799998,367.96811380604095,720.2523798994007,36.035956298833234,23188.757451480804,93.37,23095.387451480805,35.10324289340753,2465.8712386756843,93.37,3995.1999999999994,-1529.3287613243142,35.10324289340753
1989,45.87339477693418,10074.191543599476,129.73,9944.461543599476,110.68946893799999,10666.7509029,131.567113913,3800.90001125,6865.8508916499995,110.689468938,10666.7509020033,129.73,3709.390000000001,6957.3609020033,10749.48851149756,235.37894975705552,35.66410151125005,6776.638220326892,68.7491784,6707.889041926892,86.82816320359956,1887.4843662896403,68.7491784,1501.43726768,386.0470986096405,170.3658751088445,33.54784291876188,23222.305294399564,95.02,23127.285294399564,127.8408,2593.712038675684,95.02,4090.2199999999984,-1496.5079613243142,127.8408
1990,44.26643306378123,10118.457976663258,132.22,9986.237976663258,103.00270027699999,10769.7535997,132.886609488,3933.78662086,6835.96697884,103.002700277,10769.7536022803,132.22,3841.6100000000006,6928.143602280301,10878.743487639846,381.2607478652859,34.49434750577471,6811.132567832667,70.9097976,6740.222770232666,45.21090616271557,1932.695272452356,70.9097976,1572.34706528,360.34820717235607,359.0424720332344,31.221088327966772,23253.52638272753,94.84,23158.68638272753,82.59656000000001,2676.308598675684,94.84,4185.059999999999,-1508.7514013243144,82.59656
1991,42.69758469605016,10161.155561359308,131.86,10029.295561359308,67.643564351,10837.397164599999,133.08041027,4066.8670311299998,6770.53013347,67.643564351,10837.3971666313,131.86,3973.4700000000007,6863.9271666313,11003.774954763534,179.1937122061656,33.34675142786549,6844.479319260532,71.854884,6772.624435260532,16.395686632940613,1949.0909590852968,71.854884,1644.20194928,304.8890098052966,39.72032708633442,29.046648171143758,23282.573030898675,92.26,23190.313030898677,194.20990000000003,2870.518498675684,92.26,4277.319999999999,-1406.8015013243148,194.2099
1992,41.16730634852285,10202.322867707831,133.77,10068.552867707831,105.69306928699999,10943.0902359,132.85603537299997,4199.72306632,6743.367169579999,105.693069287,10943.0902359183,133.77,4107.240000000001,6835.850235918299,11124.642975715973,73.8313827061876,32.222058500233935,6876.701377760766,72.0660312,6804.635346560766,24.91495708887726,1974.0059161741735,72.0660312,1716.26798048,257.73793569417376,83.20466803200628,27.015788276603644,23309.58881917528,92.06,23217.528819175277,68.21723894049657,2938.7357376161804,92.06,4369.379999999999,-1430.6442623838188,68.21723894049657
1993,39.67593394931914,10241.99880165715,133.58,10108.41880165715,71.10261028199999,11014.192848499999,133.079096452,4332.80216265,6681.390685849999,71.10261028199999,11014.1928462003,133.58,4240.820000000001,6773.372846200299,11241.414000449635,105.83815395328158,31.120919048492834,6907.822296809259,72.8866692,6834.9356276092585,18.002525942688774,1992.0084421168624,72.8866692,1789.15464968,202.8537924368627,22.32360290421474,25.120103774652787,23334.708922949932,89.29,23245.41892294993,114.38675,3053.1224876161805,89.29,4458.669999999999,-1405.547512383819,114.38675
1994,38.223688733904496,10280.222490391054,135.43,10144.792490391053,62.26282626999999,11076.4556705,134.704873759,4467.50703647,6608.94863403,62.26282626999999,11076.4556724703,135.43,4376.250000000001,6700.205672470299,11354.160098893315,139.8229385914978,30.043890955026228,6937.866187764285,73.953072,6863.913115764285,29.88470716430493,2021.893149281168,73.953072,1863.10772168,158.7854276011676,77.41947702583526,23.351532396881154,23358.060455346815,91.34,23266.720455346815,55.22809,3108.3505776161805,91.34,4550.009999999999,-1441.6594223838188,55.228089999999995
1995,36.810683529640066,10317.033173920694,137.29,10179.743173920693,68.412241211,11144.867914699998,137.18370416300002,4604.69074045,6540.177174249999,68.412241211,11144.8679136813,137.29,4513.540000000001,6631.327913681298,11462.958234511016,258.55341351203236,28.99144252138262,6966.857630285668,75.1806072,6891.677023085668,13.48865880477417,2035.3818080859417,75.1806072,1938.28832888,97.09347920594178,84.39052171880498,21.702362740129775,23379.762818086943,94.13,23285.632818086942,57.43795000000001,3165.7885276161805,94.13,4644.139999999999,-1478.3514723838189,57.43795
1996,35.43692920247786,10352.470103123173,140.94,10211.530103123172,72.255625572,11217.123537099998,140.63598446199998,4745.32672479,6471.796812309998,72.255625572,11217.123539253298,140.94,4654.4800000000005,6562.643539253298,11567.88957958129,769.2233295999345,27.96395568475009,6994.821585970418,78.839874,6915.981711970418,44.21208751917542,2079.5938956051173,78.839874,2017.12820288,62.46569272511738,205.68465161667868,20.165238215136167,23399.92805630208,95.4,23304.52805630208,76.77314,3242.5616676161803,95.4,4739.539999999999,-1496.9783323838187,76.77314
1997,34.10234120186278,10386.572444325035,144.08,10242.492444325035,69.565256501,11286.688797199999,144.82215984799998,4890.148884759999,6396.539912439999,69.565256501,11286.6887957543,144.08,4798.56,6488.128795754298,11669.03887269652,1109.497553238692,26.961729535416033,7021.783315505834,78.7787028,6943.004612705834,26.750711177733365,2106.344606782851,78.7787028,2095.90690568,10.437701102850951,49.49631101305854,18.733157336350537,23418.661213638432,96.8,23321.861213638433,88.99849,3331.5601576161803,96.8,4836.339999999999,-1504.779842383819,88.99849
1998,32.806746145179524,10419.379190470214,147.72,10271.659190470215,88.397839754,11375.086636099999,146.765416657,5036.9143016,6338.172334499999,88.397839754,11375.086635508298,147.72,4946.280000000001,6428.806635508297,11766.493818516921,280.160014895987,25.98498408301045,7047.7682995888445,80.8644024,6966.903897188845,64.46470599997353,2170.809312782824,80.8644024,2176.77130808,-5.96199529717569,185.54295922192355,17.399470945092915,23436.060684583525,95.06,23341.000684583523,92.87528,3424.4354376161805,95.06,4931.4,-1506.9645623838192,92.87528
1999,31.54988838843617,10450.92907885865,144.38,10306.54907885865,153.735373525,11528.822008099998,145.451307687,5182.36560947,6346.456398629998,153.735373525,11528.822009033298,144.38,5090.660000000001,6438.162009033297,11860.344529414217,265.4628507331743,25.03386422139841,7072.802163810243,83.1699072,6989.632256610243,22.578647599843837,2193.387960382668,83.1699072,2259.94121528,-66.55325489733195,67.35272674406147,16.15787689567697,23452.218561479203,95.09,23357.128561479203,106.7459,3531.1813376161804,95.09,5026.49,-1495.3086623838194,106.7459
2000,30.3314365348541,10481.260515393504,150.64,10330.620515393504,213.69216921499998,11742.5141764,149.646086696,5332.0116958,6410.5024806,213.692169215,11742.5141782483,150.64,5241.300000000001,6501.214178248298,11950.683008300048,1575.9499604964726,24.10844384467689,7096.91060765492,86.4258048,7010.4848028549195,42.588934026531696,2235.9768944092,86.4258048,2346.36702008,-110.39012567080044,436.6558115009283,15.002412674980643,23467.220974154185,96.49,23370.730974154183,129.820097,3661.00143461618,96.49,5122.98,-1461.9785653838194,129.820097
2001,29.150989839021108,10510.411505232525,150.63,10359.781505232526,121.4509451,11863.9651215,149.245165416,5481.2568614599995,6382.70826004,121.4509451,11863.965123348298,150.63,5391.930000000001,6472.035123348297,12037.602671650668,290.1649061383352,23.208730069299367,7120.119337724219,88.467048,7031.6522897242185,13.953350130786005,2249.930244539986,88.467048,2434.83406808,-184.9038235400144,70.05022920684443,13.927446369572072,23481.148420523758,100.58,23380.568420523756,175.92602,3836.92745461618,100.58,5223.56,-1386.6325453838194,175.92602
2002,28.008084468944308,10538.419589701469,148.81,10389.60958970147,81.479747953,11945.4448711,147.51979963099998,5628.77666103,6316.668210070001,81.479747953,11945.4448713013,148.81,5540.740000000002,6404.704871301297,12121.197911506253,199.91833827627536,22.334667520509125,7142.454005244728,90.5304168,7051.923588444728,20.945908777552035,2270.876153317538,90.5304168,2525.36448488,-254.488331562462,57.30397203015271,12.927666342961516,23494.07608686672,101.79,23392.28608686672,156.83774,3993.76519461618,101.79,5325.349999999999,-1331.5848053838197,156.83774
2003,26.90219959410913,10565.321789295578,155.42,10409.901789295578,49.195319534099994,11994.6401938,151.001731542,5779.77839245,6214.86180135,49.1953195341,11994.640190835398,155.42,5696.160000000002,6298.480190835397,12201.563695036946,164.23033914479925,21.486142644726453,7163.940147889455,93.7687428,7070.171405089455,13.044892819378308,2283.921046136916,93.7687428,2619.13322768,-335.2121815430837,50.240198260658566,11.998069937005706,23506.074156803727,109.26,23396.814156803728,134.52209858732877,4128.287293203509,109.26,5434.61,-1306.3227067964908,134.52209858732877
2004,25.83276327201768,10591.154552567596,163.21,10427.944552567596,63.03150313,12057.671695099998,155.53539769799997,5935.313790269999,6122.357904829999,63.03150313,12057.671693965398,163.21,5859.370000000002,6198.301693965396,12278.795200122404,63.16964200793647,20.662988012865828,7184.603135902321,96.9569244,7087.6462115023205,22.954958985509123,2306.8760051224253,96.9569244,2716.09015208,-409.2141469575745,64.8905480942124,11.133951468172201,23517.208108271898,118.7,23398.508108271897,184.73467725,4313.021970453508,118.7,5553.31,-1240.288029546491,184.73467725
2005,24.799158111003806,10615.9537106786,164.6,10451.353710678599,55.7290729051,12113.4007644,159.80996129099998,6095.123751499999,6018.2770129,55.7290729051,12113.400766870498,164.6,6023.970000000002,6089.430766870496,12352.98748528392,40.346223677787016,19.864986583044832,7204.468122485366,99.2796624,7105.1884600853655,13.641526571307928,2320.5175316937334,99.2796624,2815.36981448,-494.8522827862666,43.23590859662048,10.330889750412307,23527.53899802231,126.17,23401.368998022313,194.282096,4507.304066453508,126.17,5679.48,-1172.1759335464913,194.282096
2006,23.800726690962726,10639.754437369562,166.07,10473.684437369562,139.51485149299998,12252.9156212,159.328407954,6254.4521586,5998.4634626,139.51485149299998,12252.9156183635,166.07,6190.040000000002,6062.875618363497,12424.235192232718,1315.5855657426116,19.09187589480537,7223.559998380171,102.665376,7120.894622380171,38.579185132648696,2359.096716826382,102.665376,2918.03519048,-558.9384736536181,372.03939275356186,9.584735340151283,23537.123733362463,132.54,23404.583733362462,280.407649,4787.711715453508,132.54,5812.02,-1024.3082845464914,280.407649
2007,22.836776728172826,10662.591214097734,165.73,10496.861214097735,103.00270027699999,12355.918317999998,160.843408956,6415.295567799999,5940.622750199999,103.002700277,12355.9183186405,165.73,6355.770000000001,6000.148318640498,12492.632279250984,61.003148622102174,18.34335217038143,7241.903350550553,105.4031256,7136.500224950553,17.98739577289416,2377.084112599276,105.4031256,3023.43831608,-646.3542034807238,55.343946348560216,8.891597668363595,23546.015331030827,138.39,23407.625331030828,236.462465,5024.174180453508,138.39,5950.41,-926.2358195464922,236.462465
2008,21.906585973900015,10684.497800071635,167.49,10517.007800071635,182.94509451,12538.8634119,160.90412683099999,6576.1996964,5962.6637155,182.94509451,12538.8634131505,167.49,6523.260000000001,6015.6034131504975,12558.27178360048,118.93139255200992,17.619074301913184,7259.522424852466,109.261116,7150.261308852467,17.378149011626633,2394.4622616109027,109.261116,3132.69943208,-738.2371704690972,37.00432064861138,8.247832196439601,23554.263163227268,142.94,23411.32316322727,363.7308852230309,5387.9050656765385,142.94,6093.349999999999,-705.444934323461,363.73088522303084
2009,21.009406840145946,10705.507206911781,163.32,10542.187206911782,114.14851486899998,12653.011925,158.612591193,6734.812286799999,5918.199638200002,114.14851486899998,12653.0119280195,163.32,6686.580000000001,5966.431928019499,12621.245611152133,174.35437352445075,16.918667706750107,7276.4410925592165,105.8724756,7170.568616959216,58.56367436381855,2453.025935974721,105.8724756,3238.57190768,-785.545971705279,36.929019620293616,7.650027708181889,23561.91319093545,142.73,23419.18319093545,378.95337,5766.858435676539,142.73,6236.079999999999,-469.2215643234604,378.95337
2010,20.14447074868871,10725.65167766047,166.55,10559.10167766047,155.272727245,12808.2846556,160.900640864,6895.712926199999,5912.5717294000015,155.272727245,12808.2846552645,166.55,6853.130000000001,5955.154655264498,12681.644351447141,382.53967073029503,16.241728036183385,7292.6828205954,113.4075456,7179.2752749954,43.36889111201109,2496.394827086732,113.4075456,3351.97945328,-855.5846261932679,203.47794874741192,7.09499382949228,23569.00818476494,150.39,23418.618184764942,484.129227,6250.987662676539,150.39,6386.469999999999,-135.48233732346034,484.129227
2011,19.31099220263174,10744.962669863102,167.84,10577.122669863102,89.935193535,12898.219846999998,161.418537391,7057.1314617,5841.088385299999,89.935193535,12898.2198487995,167.84,7020.970000000001,5877.249848799498,12739.557116431588,156.60969592194556,15.58782472565473,7308.270645321055,117.272232,7190.998413321055,13.91445274126426,2510.3092798279963,117.272232,3469.25168528,-958.9424054520036,175.49094986543489,6.579748847796723,23575.58793361274,161.06,23414.52793361274,637.3088155436643,6888.296478220203,161.06,6547.53,340.7664782202037,637.3088155436644
2012,18.508172581930022,10763.470842445033,172.52,10590.950842445032,67.259225921,12965.4790753,163.738316944,7220.8697845,5744.6092908,67.259225921,12965.4790747205,172.52,7193.490000000002,5771.989074720497,12795.071401150637,244.15683451459455,14.956504377358296,7323.227149698413,119.7427788,7203.4843708984135,19.79574343398618,2530.1050232619823,119.7427788,3588.99446408,-1058.8894408180176,280.265198239552,6.101507888534131,23581.689441501276,162.75,23418.939441501276,366.62359375,7254.920071970203,162.75,6710.28,544.6400719702033,366.62359375
2013,17.73520366655726,10781.20604611159,172.75,10608.45604611159,61.49414941,13026.973224099998,163.709876975,7384.5796569,5642.393567199998,61.49414941,13026.9732241305,172.75,7366.240000000002,5660.733224130498,12848.272964742137,895.9920289932807,14.347293968477825,7337.574443666891,121.164984,7216.409459666891,15.192030669479797,2545.297053931462,121.164984,3710.15944808,-1164.862394148538,202.26923976705018,5.657671491581852,23587.34711299286,165.37,23421.97711299286,281.657962,7536.578033970203,165.37,6875.65,660.9280339702036,281.657962
2014,16.991270892597683,10798.19731700419,176.81,10621.38731700419,44.5832583253,13071.556483199998,167.044070485,7551.6237283,5519.932754899998,44.5832583253,13071.5564824558,176.81,7543.050000000002,5528.506482455797,12899.24573013081,118.72901905282856,13.759703880746748,7351.334147547638,123.6816576,7227.652489947638,13.03370202837909,2558.330755959841,123.6816576,3833.84110568,-1275.510349720159,102.97610169117112,5.245814618790365,23592.592927611648,164.96,23427.63292761165,230.19779,7766.775823970203,164.96,7040.61,726.1658239702037,230.19779
2015,16.27555634851972,10814.472873352708,182.74,10631.732873352708,27.672367234499998,13099.2288526,172.423150586,7724.046877299999,5375.1819753,27.6723672345,13099.228849690298,182.74,7725.790000000002,5373.438849690297,12948.071700891509,58.962620423445,13.193230748741717,7364.5273782963795,126.282204,7238.245174296379,8.944022635090517,2567.274778594932,126.282204,3960.12330968,-1392.8485310850683,171.52207780624377,4.8636761148531855,23597.4566037265,160.37,23437.0866037265,243.042114,8009.817937970203,160.37,7200.98,808.8379379702037,243.042114
2016,15.58724151959953,10830.060114872307,183.26,10646.800114872307,27.672367234499998,13126.9012159,172.114469663,7896.1613480000005,5230.739867899999,27.6723672345,13126.901216924798,183.26,7909.050000000002,5217.851216924796,12994.830893821445,104.01779374700118,12.647360126506822,7377.174738422887,127.6010424,7249.573696022887,3.1270083374182573,2570.40178693235,127.6010424,4087.72435208,-1517.32256514765,34.97129490590865,4.50914863438613,23601.965752360884,151.58,23450.385752360882,472.765773,8482.583710970202,151.58,7352.559999999999,1130.023710970203,472.765773
2017,14.925509789887078,10844.985624662195,183.59,10661.395624662195,38.049504948199996,13164.950722299998,172.73861379399997,8068.899964599999,5096.050757699999,38.0495049482,13164.950721872998,183.59,8092.640000000002,5072.310721872996,13039.60128583562,123.48334766980251,12.121568973308628,7389.2963073961955,132.187428,7257.108879396195,17.70241293165277,2588.104199864003,132.187428,4219.91178008,-1631.8075802159974,19.9655989560475,4.180269041683897,23606.14602140257,155.01,23451.13602140257,467.6672945873288,8950.251005557531,155.01,7507.57,1442.6810055575315,467.40639458732875
2018,14.289548711781553,10859.275173373977,187.89,10671.385173373978,33.8217821755,13198.7725017,175.614622823,8244.5145848,4954.2579169,33.8217821755,13198.772504048498,187.89,8280.530000000002,4918.242504048496,13082.458773875456,522.9443238123362,11.61532796110082,7400.911635357296,138.80952,7262.1021153572965,6.488321170774347,2594.5925210347773,138.80952,4358.72130008,-1764.128779045223,114.1880396282593,3.8752092844585793,23610.021230687027,162.3,23447.721230687028,728.9265756201308,9679.177581177662,162.3,7669.87,2009.3075811776623,726.5874496746575
2019,13.678552053893885,10872.953725427871,187.53,10685.42372542787,18.44823,13217.2207317,175.47632118299998,8419.9909058,4797.2298259,18.44823,13217.220734048498,187.53,8468.060000000003,4749.160734048495,13123.477146596855,852.8325474891194,11.12810360704274,7412.039738964339,142.8635232,7269.17621576434,17.391986710277244,2611.9845077450545,142.8635232,4501.58482328,-1889.6003155349451,105.12383234689099,3.592267737069571,23613.613498424096,163.95,23449.663498424095,486.2395803809931,10165.417161558657,163.95,7833.82,2331.597161558655,486.2395803809931
2020,13.091721638183534,10886.045447066055,174.82,10711.225447066055,76.25,13293.4707317,178.73033424657513,8598.721240046574,4694.749491653425,76.25,13293.470734048498,174.82,8642.880000000003,4650.590734048496,13162.728066680125,180.81247792427504,10.659360235821477,7422.699099200161,138.9816,7283.717499200161,20.167456486871767,2632.1519642319263,138.9816,4640.56642328,-2008.4144590480737,342.8741776826856,3.3298610062070164,23616.943359430305,156.22,23460.723359430303,409.46155694920594,10574.87871850786,156.22,7990.04,2584.83871850786,406.5194082619863
2021,12.528268978037913,10898.573716044093,177.09,10721.483716044093,28.669999999999998,13322.140731699998,180.329628904109,8779.050868950682,4543.089862749315,28.67,13322.140734048498,177.09,8819.970000000003,4502.170734048495,13200.281062679129,62.7020192418196,10.20856177707392,7432.907660977235,145.9231308,7286.984530177235,3.2197231526790144,2635.371687384605,145.9231308,4786.48955408,-2151.1178666953947,21.36222597924808,3.0865161881458354,23620.02987561845,162.5,23457.52987561845,561.6865555873287,11136.565274095188,162.5,8152.54,2984.0252740951883,561.6865555873287
2022,11.987416728428814,10910.561132772522,184.52,10726.041132772521,122.0,13444.140731699998,181.9289235616444,8960.979792512328,4483.16093918767,122.0,13444.140734048498,184.52,9004.490000000003,4439.650734048495,13236.20352940023,205.7086643188181,9.775173404021174,7442.682834381256,145.577376,7297.105458381256,8.65080796772211,2644.022495352327,145.577376,4932.06693008,-2288.044434727673,57.138989656850256,2.860863564950213,23622.8907391834,174.56,23448.3307391834,314.554531142198,11451.119805237386,174.56,8327.1,3124.0198052373853,305.21912388099315
2023,11.468399959862074,10922.029532732384,0.0,10922.029532732384,18.299999999999997,13462.440731699999,188.0289235616442,9149.008716073971,4313.432015626027,18.3,13462.440734048498,0.0,9004.490000000003,4457.950734048494,13270.560735873105,61.40924177713645,9.358663019838557,7452.041497401095,0.0,7452.041497401095,6.458879330579592,2650.481374682907,0.0,4932.06693008,-2281.585555397093,48.82302420811049,2.6516297249760514,23625.542368908376,0.0,23625.542368908376,560.99576,12012.115565237384,0.0,8327.1,3685.015565237385,560.99576
2024,10.970467267617574,10933.000000000002,0.0,10933.000000000002,18.299999999999997,13480.740731699998,194.1289235616442,9343.137639635615,4137.6030920643825,18.3,13480.740734048495,0.0,9004.490000000003,4476.2507340484935,13303.415840044063,102.8144729418196,8.958502598904282,7460.999999999999,0.0,7460.999999999999,1.5329385902560322,2652.0143132731628,0.0,4932.06693008,-2280.052616806837,8.410555901497577,2.4576310916421953,23628.00000000002,0.0,23628.00000000002,534.381875,12546.497440237385,0.0,8327.1,4219.397440237384,534.381875
