Fuel,Year,Discoveries,Cumulative_Discoveries,Production,Cumulative_Production,Reserves
Coal,1850,0.17009,0.17009,0.0,0.0,0.17009
Coal,1853,0.1391,0.30918999999999996,0.0,0.0,0.30918999999999996
Coal,1871,0.06767999999999999,0.3768699999999999,0.0,0.0,0.3768699999999999
Coal,1873,0.23040000000000002,0.60727,0.0,0.0,0.60727
Coal,1875,1.44,2.04727,0.0,0.0,2.04727
Coal,1881,4.885000000000001,6.932270000000001,0.0,0.0,6.932270000000001
Coal,1888,1.066,7.998270000000001,0.0,0.0,7.998270000000001
Coal,1891,1.128,9.12627,0.0,0.0,9.12627
Coal,1899,3.4970000000000003,12.62327,0.0,0.0,12.62327
Coal,1900,0.0,12.62327,19.26,19.26,-6.636730000000002
Coal,1901,0.0,12.62327,19.61,38.870000000000005,-26.246730000000007
Coal,1902,3.7885999999999997,16.41187,20.08,58.95,-42.53813
Coal,1903,28.24512,44.65699,21.91,80.86,-36.20301
Coal,1904,4.857,49.51399,22.03,102.89,-53.37601
Coal,1905,0.0828,49.59679,23.75,126.64,-77.04321
Coal,1906,0.0,49.59679,25.08,151.72,-102.12321
Coal,1907,1.3958,50.99259,27.74,179.46,-128.46741
Coal,1908,0.9588,51.951389999999996,26.36,205.82,-153.86861
Coal,1909,0.0,51.951389999999996,27.55,233.37,-181.41861
Coal,1910,0.0,51.951389999999996,29.02,262.39,-210.43860999999998
Coal,1911,0.0,51.951389999999996,29.54,291.93,-239.97861
Coal,1912,5.0234,56.97479,31.0,322.93,-265.95521
Coal,1913,2.678,59.652789999999996,33.22,356.15,-296.49721
Coal,1914,0.0,59.652789999999996,29.81,385.96,-326.30721
Coal,1915,0.018799999999999997,59.671589999999995,29.34,415.29999999999995,-355.62841
Coal,1916,0.0,59.671589999999995,31.47,446.77,-387.09841
Coal,1917,6.8448,66.51639,32.77,479.53999999999996,-413.02360999999996
Coal,1918,1.104,67.62039,32.19,511.72999999999996,-444.10961
Coal,1919,0.69,68.31039,27.3,539.03,-470.71961
Coal,1920,7.093500000000001,75.40389,31.29,570.3199999999999,-494.91610999999995
Coal,1921,0.0,75.40389,26.13,596.4499999999999,-521.0461099999999
Coal,1922,0.17390000000000003,75.57779000000001,27.58,624.03,-548.4522099999999
Coal,1923,0.0,75.57779000000001,32.12,656.15,-580.5722099999999
Coal,1924,1.0116999999999998,76.58949000000001,31.28,687.43,-610.84051
Coal,1925,0.0,76.58949000000001,31.36,718.79,-642.2005099999999
Coal,1926,8.7498729,85.33936290000001,31.22,750.01,-664.6706371
Coal,1927,0.0,85.33936290000001,33.64,783.65,-698.3106371
Coal,1928,0.2068,85.54616290000001,33.04,816.6899999999999,-731.1438370999999
Coal,1929,0.0,85.54616290000001,35.14,851.8299999999999,-766.2838370999999
Coal,1930,8.64,94.18616290000001,32.11,883.9399999999999,-789.7538370999999
Coal,1931,0.69,94.87616290000001,28.32,912.26,-817.3838370999999
Coal,1932,2.3124,97.18856290000001,25.18,937.4399999999999,-840.2514371
Coal,1933,4.614,101.80256290000001,26.36,963.8,-861.9974371
Coal,1934,0.9418,102.74436290000001,28.77,992.5699999999999,-889.8256370999999
Coal,1935,18.148,120.89236290000001,30.0,1022.5699999999999,-901.6776371
Coal,1936,1.3461999999999998,122.2385629,32.96,1055.53,-933.2914370999999
Coal,1937,0.11040000000000001,122.3489629,34.63,1090.16,-967.8110371
Coal,1938,4.122,126.4709629,32.31,1122.47,-995.9990371
Coal,1939,2.5208,128.9917629,34.13,1156.6000000000001,-1027.6082371000002
Coal,1940,13.0852,142.0769629,37.64,1194.2400000000002,-1052.1630371
Coal,1941,3.7727,145.8496629,39.02,1233.2600000000002,-1087.4103371
Coal,1942,1.2558,147.1054629,39.69,1272.9500000000003,-1125.8445371000003
Coal,1943,22.312500000000004,169.4179629,40.79,1313.7400000000002,-1144.3220371000002
Coal,1944,18.959500000000002,188.37746289999998,39.16,1352.9000000000003,-1164.5225371000004
Coal,1945,0.4588,188.83626289999998,31.42,1384.3200000000004,-1195.4837371000003
Coal,1946,0.6559,189.49216289999998,33.83,1418.1500000000003,-1228.6578371000003
Coal,1947,12.4728,201.9649629,38.01,1456.1600000000003,-1254.1950371000003
Coal,1948,13.4452,215.4101629,39.28,1495.4400000000003,-1280.0298371000003
Coal,1949,22.717,238.12716289999997,37.35,1532.7900000000002,-1294.6628371000002
Coal,1950,194.94739,433.07455289999996,40.8,1573.5900000000001,-1140.5154471
Coal,1951,6.1175999999999995,439.19215289999994,42.98,1616.5700000000002,-1177.3778471000003
Coal,1952,27.9488,467.14095289999995,42.73,1659.3000000000002,-1192.1590471000002
Coal,1953,11.651484,478.7924368999999,42.92,1702.2200000000003,-1223.4275631000003
Coal,1954,19.6757,498.46813689999993,42.37,1744.5900000000001,-1246.1218631000002
Coal,1955,51.52309999999999,549.9912368999999,46.04,1790.63,-1240.6387631000002
Coal,1956,46.503370000000004,596.4946068999999,48.65,1839.2800000000002,-1242.7853931000004
Coal,1957,45.333,641.8276068999999,50.02,1889.3000000000002,-1247.4723931000003
Coal,1958,88.4569,730.2845068999999,51.6,1940.9,-1210.6154931
Coal,1959,15.5957,745.8802068999998,53.48,1994.38,-1248.4997931000003
Coal,1960,35.513400000000004,781.3936068999999,55.71,2050.09,-1268.6963931000003
Coal,1961,12.859969999999999,794.2535768999999,52.49,2102.58,-1308.3264231
Coal,1962,11.279900000000001,805.5334768999999,53.75,2156.33,-1350.7965231
Coal,1963,8.024000000000001,813.5574768999999,55.38,2211.71,-1398.1525231
Coal,1964,35.394328,848.9518048999998,57.83,2269.54,-1420.5881951000001
Coal,1965,14.6662,863.6180048999998,58.97,2328.5099999999998,-1464.8919950999998
Coal,1966,31.6368,895.2548048999998,59.79,2388.2999999999997,-1493.0451951
Coal,1967,16.4488,911.7036048999998,57.67,2445.97,-1534.2663951
Coal,1968,25.6573,937.3609048999998,59.27,2505.24,-1567.8790951
Coal,1969,22.1634,959.5243048999998,60.47,2565.7099999999996,-1606.1856950999997
Coal,1970,63.82399999999999,1023.3483048999998,62.89,2628.5999999999995,-1605.2516950999998
Coal,1971,28.232499999999998,1051.5808048999997,62.32,2690.9199999999996,-1639.3391950999999
Coal,1972,79.22991,1130.8107148999998,62.1,2753.0199999999995,-1622.2092850999998
Coal,1973,49.8837,1180.6944148999999,63.21,2816.2299999999996,-1635.5355850999997
Coal,1974,48.991200000000006,1229.6856148999998,63.77,2879.9999999999995,-1650.3143850999998
Coal,1975,102.15692200000001,1331.8425368999997,67.56,2947.5599999999995,-1615.7174630999998
Coal,1976,42.9508,1374.7933368999998,69.48,3017.0399999999995,-1642.2466630999998
Coal,1977,73.28228,1448.0756168999997,71.59,3088.6299999999997,-1640.5543831
Coal,1978,91.2398,1539.3154168999997,72.7,3161.3299999999995,-1622.0145830999998
Coal,1979,103.97390000000001,1643.2893168999997,76.97,3238.2999999999993,-1595.0106830999996
Coal,1980,111.11584,1754.4051568999996,75.49,3313.789999999999,-1559.3848430999994
Coal,1981,157.76878999999997,1912.1739468999995,77.2,3390.989999999999,-1478.8160530999994
Coal,1982,122.9122,2035.0861468999994,79.94,3470.929999999999,-1435.8438530999995
Coal,1983,71.53724000000001,2106.6233868999993,79.69,3550.619999999999,-1443.9966130999996
Coal,1984,73.24974999999999,2179.8731368999993,83.18,3633.799999999999,-1453.9268630999995
Coal,1985,95.678119,2275.5512558999994,87.4,3721.199999999999,-1445.6487440999995
Coal,1986,67.01983988227738,2342.5710957822766,89.47,3810.6699999999987,-1468.098904217722
Coal,1987,88.1969,2430.7679957822766,91.16,3901.8299999999986,-1471.062004217722
Coal,1988,35.10324289340753,2465.8712386756843,93.37,3995.1999999999985,-1529.3287613243142
Coal,1989,127.8408,2593.712038675684,95.02,4090.2199999999984,-1496.5079613243142
Coal,1990,82.59656000000001,2676.308598675684,94.84,4185.059999999999,-1508.7514013243144
Coal,1991,194.20990000000003,2870.518498675684,92.26,4277.319999999999,-1406.8015013243148
Coal,1992,68.21723894049657,2938.7357376161804,92.06,4369.379999999999,-1430.6442623838188
Coal,1993,114.38675,3053.1224876161805,89.29,4458.669999999999,-1405.5475123838187
Coal,1994,55.228089999999995,3108.3505776161805,91.34,4550.009999999999,-1441.6594223838188
Coal,1995,57.43795000000001,3165.7885276161805,94.13,4644.139999999999,-1478.3514723838189
Coal,1996,76.77314,3242.5616676161803,95.4,4739.539999999999,-1496.9783323838187
Coal,1997,88.99849,3331.5601576161803,96.8,4836.339999999999,-1504.779842383819
Coal,1998,92.87528,3424.4354376161805,95.06,4931.4,-1506.9645623838192
Coal,1999,106.74589999999999,3531.1813376161804,95.09,5026.49,-1495.3086623838194
Coal,2000,129.820097,3661.00143461618,96.49,5122.98,-1461.9785653838194
Coal,2001,175.92602,3836.92745461618,100.58,5223.5599999999995,-1386.6325453838194
Coal,2002,156.83774,3993.76519461618,101.79,5325.349999999999,-1331.5848053838195
Coal,2003,134.52209858732877,4128.287293203509,109.26,5434.61,-1306.3227067964908
Coal,2004,184.73467725,4313.021970453508,118.7,5553.3099999999995,-1240.288029546491
Coal,2005,194.28209600000002,4507.304066453508,126.17,5679.48,-1172.1759335464913
Coal,2006,280.407649,4787.711715453508,132.54,5812.0199999999995,-1024.3082845464914
Coal,2007,236.462465,5024.174180453508,138.39,5950.41,-926.2358195464922
Coal,2008,363.73088522303084,5387.9050656765385,142.94,6093.349999999999,-705.444934323461
Coal,2009,378.95337,5766.858435676539,142.73,6236.079999999999,-469.22156432346037
Coal,2010,484.129227,6250.987662676539,150.39,6386.469999999999,-135.48233732346034
Coal,2011,637.3088155436643,6888.296478220203,161.06,6547.53,340.7664782202037
Coal,2012,366.62359375,7254.920071970203,162.75,6710.28,544.6400719702033
Coal,2013,281.657962,7536.578033970203,165.37,6875.65,660.9280339702036
Coal,2014,230.19779,7766.775823970203,164.96,7040.61,726.1658239702037
Coal,2015,243.042114,8009.817937970203,160.37,7200.98,808.8379379702037
Coal,2016,472.76577299999997,8482.583710970202,151.58,7352.5599999999995,1130.023710970203
Coal,2017,467.66729458732874,8950.251005557531,155.01,7507.57,1442.6810055575315
Coal,2018,728.9265756201308,9679.177581177662,162.3,7669.87,2009.3075811776625
Coal,2019,486.2395803809931,10165.417161558655,163.95,7833.82,2331.597161558655
Coal,2020,409.46155694920594,10574.87871850786,156.22,7990.04,2584.83871850786
Coal,2021,561.6865555873287,11136.565274095188,162.5,8152.54,2984.0252740951883
Coal,2022,314.55453114219796,11451.119805237386,174.56,8327.1,3124.0198052373853
Coal,2023,560.99576,12012.115565237385,0.0,8327.1,3685.015565237385
Coal,2024,534.381875,12546.497440237385,0.0,8327.1,4219.397440237384
Coal,2025,387.70667138270545,12934.20411162009,0.0,8327.1,4607.10411162009
Coal,2026,189.8382324657534,13124.042344085845,0.0,8327.1,4796.9423440858445
Coal,2027,114.12432203965852,13238.166666125504,0.0,8327.1,4911.066666125504
Coal,2028,71.612,13309.778666125503,0.0,8327.1,4982.678666125503
Coal,2029,21.2051,13330.983766125502,0.0,8327.1,5003.883766125502
Coal,2030,17.2601,13348.243866125502,0.0,8327.1,5021.1438661255015
Coal,2031,0.022125000000000002,13348.265991125501,0.0,8327.1,5021.165991125501
Coal,2032,8.651201910786996,13356.917193036288,0.0,8327.1,5029.817193036288
Coal,2033,3605.356154396162,16962.27334743245,0.0,8327.1,8635.173347432448
Coal,2034,8.047,16970.320347432447,0.0,8327.1,8643.220347432447
Coal,2035,2.08,16972.40034743245,0.0,8327.1,8645.300347432449
Coal,2038,3.8639999999999994,16976.26434743245,0.0,8327.1,8649.16434743245
Coal,2039,1.481,16977.74534743245,0.0,8327.1,8650.64534743245
Coal,2043,1.1394682970578864,16978.884815729507,0.0,8327.1,8651.784815729507
Coal,2053,1.357,16980.241815729507,0.0,8327.1,8653.141815729507
Coal,2078,4.813361403426924,16985.055177132934,0.0,8327.1,8657.955177132933
Gas,1869,1.2339,1.2339,0.0,0.0,1.2339
Gas,1887,0.25516,1.48906,0.0,0.0,1.48906
Gas,1889,0.25516,1.74422,0.0,0.0,1.74422
Gas,1890,0.12758,1.8718000000000001,0.0,0.0,1.8718000000000001
Gas,1899,0.12758,1.9993800000000002,0.0,0.0,1.9993800000000002
Gas,1900,0.0,1.9993800000000002,0.265825512,0.265825512,1.7335544880000002
Gas,1901,0.51032,2.5097,0.29458103,0.560406542,1.949293458
Gas,1902,0.12758,2.63728,0.323336534,0.883743076,1.753536924
Gas,1903,0.0,2.63728,0.352092042,1.235835118,1.401444882
Gas,1904,0.0,2.63728,0.380847546,1.616682664,1.020597336
Gas,1905,0.12758,2.76486,0.40960305,2.026285714,0.738574286
Gas,1906,0.12758,2.89244,0.438358558,2.464644272,0.427795728
Gas,1907,0.0,2.89244,0.46711404,2.9317583120000004,-0.039318312000000244
Gas,1908,0.12758,3.02002,0.49586958,3.4276278920000003,-0.40760789200000014
Gas,1909,0.0,3.02002,0.524625084,3.9522529760000005,-0.9322329760000003
Gas,1910,0.0,3.02002,0.5673204,4.519573376,-1.4995533760000002
Gas,1911,0.09139010450373455,3.111410104503735,0.597475188,5.117048564,-2.0056384594962653
Gas,1912,5.1854612970724725,8.296871401576208,0.627629976,5.74467854,2.5521928615762084
Gas,1913,0.3467042732937802,8.643575674869988,0.657784764,6.402463303999999,2.2411123708699883
Gas,1914,1.4782071976788553,10.121782872548843,0.687939516,7.0904028199999996,3.031380052548844
Gas,1915,1.4172804613430323,11.539063333891876,0.718094304,7.808497124,3.730566209891877
Gas,1916,6.92247824242885,18.461541576320727,0.748249128,8.556746252,9.904795324320727
Gas,1917,0.03046336816791152,18.492004944488638,0.778403916,9.335150168,9.156854776488638
Gas,1918,0.4218301045037346,18.91383504899237,0.808558704,10.143708872,8.770126176992372
Gas,1919,0.09139010450373455,19.005225153496106,0.838713492,10.982422364,8.022802789496106
Gas,1920,2.098694530195201,21.103919683691306,0.86886828,11.851290643999999,9.252629039691307
Gas,1921,0.06894036073624413,21.17286004442755,0.899023032,12.750313676,8.422546368427552
Gas,1922,1.1533028942868129,22.326162938714365,0.95971014,13.710023816,8.616139122714365
Gas,1923,0.034470180368122064,22.360633119082486,1.124447292,14.834471107999999,7.526162011082487
Gas,1924,0.034470180368122064,22.395103299450607,1.289184408,16.123655516,6.271447783450608
Gas,1925,3.8574090561919725,26.25251235564258,1.45392156,17.577577076,8.674935279642579
Gas,1926,0.1040003636020387,26.35651271924462,1.61865864,19.196235716,7.1602770032446195
Gas,1927,2.8661563422732814,29.2226690615179,1.783395828,20.979631544,8.243037517517902
Gas,1928,2.2196054320358116,31.442274493553715,1.94813316,22.927764704,8.514509789553713
Gas,1929,0.5789309018406104,32.021205395394325,2.0685816,24.996346304,7.024859091394326
Gas,1930,0.823255608937817,32.84446100433214,2.168638344,27.164984648,5.679476356332138
Gas,1931,0.0513751217875634,32.895836126119704,2.2716864,29.436671048,3.459165078119703
Gas,1932,5.385685039176529,38.28152116529623,2.374734384,31.811405432,6.4701157332962325
Gas,1933,0.12758,38.409101165296235,2.47778244,34.289187872,4.119913293296236
Gas,1934,0.0,38.409101165296235,2.580830424,36.870018296,1.5390828692962373
Gas,1935,0.1395501566185023,38.54865132191474,2.68387848,39.553896775999995,-1.0052454540852551
Gas,1936,6.512332468802907,45.06098379071765,2.786926464,42.34082323999999,2.720160550717658
Gas,1937,6.659247334765565,51.72023112548322,2.9898774,45.33070063999999,6.3895304854832276
Gas,1938,3.9820934938887715,55.702324619371986,3.17501388,48.50571451999999,7.196610099371995
Gas,1939,0.2303302435751268,55.93265486294711,3.40309836,51.90881287999999,4.023841982947118
Gas,1940,0.738043308989957,56.67069817193707,3.63118284,55.53999571999999,1.1307024519370756
Gas,1941,2.278425138808913,58.94912331074598,3.85926732,59.399263039999994,-0.4501397292540119
Gas,1942,0.1439840102827193,59.093107321028704,4.0873518,63.486614839999994,-4.39350751897129
Gas,1943,5.969118389687322,65.06222571071602,4.31543628,67.80205111999999,-2.7398254092839665
Gas,1944,6.735831962792062,71.79805767350808,4.54352076,72.34557188,-0.5475142064919112
Gas,1945,0.33489574399989536,72.13295341750798,4.77160524,77.11717712,-4.984223702492017
Gas,1946,1.0051095738668367,73.13806299137481,5.02698996,82.14416707999999,-9.006104088625179
Gas,1947,4.858819242235839,77.99688223361065,5.56156044,87.70572751999998,-9.708845286389334
Gas,1948,1.18081911298284,79.1777013465935,6.28766532,93.99339283999998,-14.81569149340649
Gas,1949,29.54809829408369,108.72579964067718,6.71871312,100.71210595999999,8.013693680677193
Gas,1950,8.050022814691655,116.77582245536884,7.69188168,108.40398763999998,8.371834815368857
Gas,1951,37.10893852834135,153.88476098371018,9.12423348,117.52822111999998,36.356539863710196
Gas,1952,14.77657157131184,168.66133255502203,9.82665612,127.35487723999998,41.30645531502205
Gas,1953,4.2592914490273435,172.92062400404936,10.390842,137.74571923999997,35.17490476404939
Gas,1954,2.5105858692659,175.43120987331525,10.89935316,148.64507239999998,26.78613747331528
Gas,1955,1.9874216296354748,177.41863150295072,11.8568268,160.50189919999997,16.91673230295075
Gas,1956,25.63770072915908,203.0563322321098,12.85829928,173.36019847999998,29.69613375210983
Gas,1957,20.42659883875073,223.48293107086053,13.97057688,187.33077536,36.15215571086054
Gas,1958,8.48342822657129,231.9663592974318,15.0265692,202.35734456,29.609014737431806
Gas,1959,10.44847965165788,242.4148389490897,16.7748336,219.13217816,23.282660789089704
Gas,1960,26.20037440559526,268.61521335468495,18.26036532,237.39254348,31.222669874684954
Gas,1961,8.739711015278239,277.3549243699632,19.61796456,257.01050804,20.344416329963224
Gas,1962,22.704033162488336,300.05895753245153,21.46318056,278.4736886,21.585268932451527
Gas,1963,6.564396349724783,306.62335388217633,23.4846144,301.958303,4.665050882176331
Gas,1964,17.685272360381177,324.3086262425575,25.65938304,327.61768604,-3.309059797442501
Gas,1965,36.63034472162085,360.9389709641784,27.49854744,355.11623348,5.82273748417839
Gas,1966,138.51837614941832,499.4573471135967,29.5885368,384.70477028,114.75257683359672
Gas,1967,189.3054373780141,688.7627844916108,31.842486,416.54725628,272.2155282116108
Gas,1968,44.497873330081404,733.2606578216921,34.8320628,451.37931908,281.8813387416921
Gas,1969,102.46508704728969,835.7257448689818,38.2527288,489.63204788,346.0936969889818
Gas,1970,43.80103445416327,879.5267793231451,35.139222,524.77126988,354.7555094431451
Gas,1971,48.60984583461357,928.1366251577587,37.5883056,562.35957548,365.77704967775867
Gas,1972,13.968240372565997,942.1048655303247,39.4397424,601.79931788,340.3055476503247
Gas,1973,63.075167082690655,1005.1800326130153,41.3377236,643.13704148,362.04299113301533
Gas,1974,49.11667901457626,1054.2967116275915,42.2103762,685.34741768,368.9492939475915
Gas,1975,109.9883941806084,1164.2851058082,42.3003708,727.64778848,436.63731732819986
Gas,1976,48.37448164203645,1212.6595874502364,44.124408,771.77219648,440.8873909702363
Gas,1977,57.04159412177475,1269.7011815720111,45.9869796,817.7591760800001,451.94200549201105
Gas,1978,85.90084198132473,1355.6020235533358,47.5437816,865.3029576800001,490.29906587333573
Gas,1979,88.19439232190147,1443.7964158752372,50.7492756,916.0522332800001,527.7441825952371
Gas,1980,83.96764878823467,1527.7640646634718,51.4200168,967.4722500800001,560.2918145834717
Gas,1981,24.6957135940786,1552.4597782575504,52.311528,1019.78377808,532.6760001775503
Gas,1982,18.53378163141923,1570.9935598889697,52.5509568,1072.33473488,498.65882500896964
Gas,1983,17.54111917932417,1588.5346790682938,53.021016,1125.35575088,463.17892818829387
Gas,1984,31.7192816623966,1620.2539607306903,57.5590284,1182.91477928,437.3391814506904
Gas,1985,10.361601473312021,1630.6155622040023,59.0772384,1241.99201768,388.62354452400245
Gas,1986,19.395423383148287,1650.0109855871506,60.605226,1302.5972436799998,347.4137419071508
Gas,1987,74.65114483459308,1724.6621304217438,63.6428808,1366.2401244799998,358.4220059417439
Gas,1988,75.99407266429688,1800.6562030860407,66.4479648,1432.6880892799998,367.96811380604095
Gas,1989,86.82816320359956,1887.4843662896403,68.7491784,1501.4372676799999,386.04709860964044
Gas,1990,45.210906162715574,1932.695272452356,70.9097976,1572.34706528,360.34820717235607
Gas,1991,16.395686632940613,1949.0909590852966,71.854884,1644.20194928,304.8890098052966
Gas,1992,24.91495708887726,1974.0059161741738,72.0660312,1716.26798048,257.73793569417376
Gas,1993,18.002525942688774,1992.0084421168626,72.8866692,1789.15464968,202.8537924368627
Gas,1994,29.884707164304935,2021.8931492811676,73.953072,1863.10772168,158.7854276011676
Gas,1995,13.48865880477417,2035.3818080859417,75.1806072,1938.2883288799999,97.09347920594178
Gas,1996,44.21208751917542,2079.5938956051173,78.839874,2017.12820288,62.46569272511738
Gas,1997,26.750711177733365,2106.344606782851,78.7787028,2095.90690568,10.437701102850951
Gas,1998,64.46470599997353,2170.8093127828242,80.8644024,2176.77130808,-5.96199529717569
Gas,1999,22.578647599843833,2193.387960382668,83.1699072,2259.94121528,-66.55325489733195
Gas,2000,42.588934026531696,2235.9768944091998,86.4258048,2346.36702008,-110.39012567080044
Gas,2001,13.953350130786003,2249.930244539986,88.467048,2434.83406808,-184.9038235400144
Gas,2002,20.945908777552035,2270.876153317538,90.5304168,2525.36448488,-254.488331562462
Gas,2003,13.044892819378308,2283.921046136916,93.7687428,2619.13322768,-335.2121815430837
Gas,2004,22.954958985509123,2306.8760051224253,96.9569244,2716.09015208,-409.2141469575745
Gas,2005,13.641526571307928,2320.5175316937334,99.2796624,2815.36981448,-494.85228278626664
Gas,2006,38.579185132648696,2359.096716826382,102.665376,2918.03519048,-558.9384736536181
Gas,2007,17.98739577289416,2377.084112599276,105.4031256,3023.43831608,-646.3542034807238
Gas,2008,17.378149011626633,2394.4622616109027,109.261116,3132.69943208,-738.2371704690972
Gas,2009,58.56367436381855,2453.025935974721,105.8724756,3238.57190768,-785.545971705279
Gas,2010,43.36889111201109,2496.394827086732,113.4075456,3351.97945328,-855.5846261932679
Gas,2011,13.914452741264261,2510.3092798279963,117.272232,3469.25168528,-958.9424054520036
Gas,2012,19.79574343398618,2530.1050232619823,119.7427788,3588.99446408,-1058.8894408180176
Gas,2013,15.192030669479797,2545.297053931462,121.164984,3710.15944808,-1164.862394148538
Gas,2014,13.03370202837909,2558.330755959841,123.6816576,3833.84110568,-1275.510349720159
Gas,2015,8.944022635090517,2567.274778594932,126.282204,3960.12330968,-1392.8485310850683
Gas,2016,3.1270083374182573,2570.40178693235,127.6010424,4087.7243520800002,-1517.32256514765
Gas,2017,17.70241293165277,2588.104199864003,132.187428,4219.91178008,-1631.8075802159974
Gas,2018,6.488321170774347,2594.5925210347773,138.80952,4358.72130008,-1764.128779045223
Gas,2019,17.391986710277244,2611.9845077450545,142.8635232,4501.58482328,-1889.6003155349454
Gas,2020,20.167456486871767,2632.1519642319263,138.9816,4640.56642328,-2008.4144590480737
Gas,2021,3.2197231526790144,2635.371687384605,145.9231308,4786.48955408,-2151.1178666953947
Gas,2022,8.65080796772211,2644.022495352327,145.577376,4932.06693008,-2288.044434727673
Gas,2023,6.458879330579592,2650.481374682907,0.0,4932.06693008,-2281.5855553970932
Gas,2024,1.5329385902560322,2652.0143132731628,0.0,4932.06693008,-2280.0526168068372
Gas,2025,0.03679991304337552,2652.0511131862063,0.0,4932.06693008,-2280.0158168937937
Oil,1869,5.82265462627119,5.82265462627119,0.0,0.0,5.82265462627119
Oil,1887,0.83216,6.65481462627119,0.0,0.0,6.65481462627119
Oil,1889,0.83216,7.48697462627119,0.0,0.0,7.48697462627119
Oil,1890,0.41608,7.90305462627119,0.0,0.0,7.90305462627119
Oil,1899,0.83216,8.73521462627119,0.0,0.0,8.73521462627119
Oil,1900,0.0,8.73521462627119,0.85,0.85,7.885214626271191
Oil,1901,1.5398394424292072,10.275054068700397,0.95,1.7999999999999998,8.475054068700398
Oil,1902,0.2809398606073018,10.555993929307698,1.03,2.83,7.725993929307698
Oil,1903,0.0,10.555993929307698,1.1,3.93,6.625993929307699
Oil,1904,0.0,10.555993929307698,1.23,5.16,5.395993929307698
Oil,1905,8.268938035907432,18.82493196521513,1.21,6.37,12.454931965215128
Oil,1906,0.2809398606073018,19.10587182582243,1.21,7.58,11.52587182582243
Oil,1907,0.0,19.10587182582243,1.49,9.07,10.03587182582243
Oil,1908,0.0,19.10587182582243,1.61,10.68,8.42587182582243
Oil,1909,0.41608,19.52195182582243,1.7,12.379999999999999,7.1419518258224315
Oil,1910,0.0,19.52195182582243,1.85,14.229999999999999,5.291951825822432
Oil,1911,1.24824,20.77019182582243,1.95,16.18,4.59019182582243
Oil,1912,1.24824,22.01843182582243,1.99,18.169999999999998,3.8484318258224306
Oil,1913,0.0,22.01843182582243,2.19,20.36,1.6584318258224293
Oil,1914,1.24824,23.266671825822428,2.26,22.619999999999997,0.6466718258224304
Oil,1915,0.41608,23.68275182582243,2.42,25.04,-1.3572481741775704
Oil,1916,5.824846345700076,29.507598171522503,2.6,27.64,1.867598171522502
Oil,1917,0.41608,29.923678171522504,2.87,30.51,-0.586321828477498
Oil,1918,2.37536,32.299038171522504,2.85,33.36,-1.0609618284774953
Oil,1919,1.24824,33.54727817152251,3.25,36.61,-3.0627218284774926
Oil,1920,0.20712000000000003,33.75439817152251,4.16,40.769999999999996,-7.015601828477486
Oil,1921,0.8968593392936688,34.65125751081618,4.5,45.269999999999996,-10.618742489183816
Oil,1922,2.6905780178810064,37.34183552869719,5.03,50.3,-12.958164471302808
Oil,1923,0.4484296696468344,37.790265198344024,5.94,56.239999999999995,-18.44973480165597
Oil,1924,0.4484296696468344,38.23869486799086,5.93,62.169999999999995,-23.931305132009136
Oil,1925,2.242148348234172,40.48084321622503,6.22,68.39,-27.909156783774968
Oil,1926,0.018955186728833593,40.499798402953864,6.38,74.77,-34.27020159704613
Oil,1927,1.5432000000000001,42.04299840295386,7.28,82.05,-40.007001597046134
Oil,1928,2.658228348234172,44.70122675118804,7.65,89.7,-44.998773248811965
Oil,1929,3.994308348234172,48.69553509942221,8.57,98.27000000000001,-49.5744649005778
Oil,1930,4.555923431452673,53.251458530874885,8.18,106.45000000000002,-53.19854146912513
Oil,1931,0.9218486862905345,54.17330721716542,7.91,114.36000000000001,-60.18669278283459
Oil,1932,4.648364392638381,58.8216716098038,7.55,121.91000000000001,-63.08832839019621
Oil,1933,1.611,60.4326716098038,8.24,130.15,-69.7173283901962
Oil,1934,0.66576,61.0984316098038,8.7,138.85,-77.7515683901962
Oil,1935,1.4137773725810692,62.51220898238486,9.46,148.31,-85.79779101761514
Oil,1936,10.512430789166398,73.02463977155126,10.3,158.61,-85.58536022844875
Oil,1937,5.915555510913102,78.94019528246437,11.73,170.34,-91.39980471753563
Oil,1938,120.42243759061178,199.36263287307617,11.45,181.79,17.572632873076174
Oil,1939,1.427617372581069,200.79025024565723,11.93,193.72,7.070250245657235
Oil,1940,124.00949675413644,324.7997469997937,12.31,206.03,118.76974699979368
Oil,1941,11.167177683303333,335.96692468309703,12.68,218.71,117.25692468309703
Oil,1942,3.652943508398655,339.6198681914957,11.94,230.65,108.96986819149569
Oil,1943,8.79971362575796,348.41958181725363,12.85,243.5,104.91958181725363
Oil,1944,9.73186452621344,358.15144634346706,14.75,258.25,99.90144634346706
Oil,1945,9.073451903058736,367.2248982465258,14.74,272.99,94.2348982465258
Oil,1946,8.664084751871403,375.88898299839724,15.68,288.67,87.21898299839722
Oil,1947,154.21687868766395,530.1058616860612,17.27,305.94,224.1658616860612
Oil,1948,141.40184801732383,671.507709703385,19.54,325.48,346.02770970338497
Oil,1949,105.27679400765757,776.7845037110426,19.43,344.91,431.87450371104256
Oil,1950,4.592542442254934,781.3770461532976,21.8,366.71000000000004,414.6670461532975
Oil,1951,132.77408459664278,914.1511307499403,24.72,391.43000000000006,522.7211307499402
Oil,1952,4.458742793492093,918.6098735434324,25.99,417.4200000000001,501.1898735434323
Oil,1953,18.224153281084675,936.8340268245171,27.48,444.9000000000001,491.934026824517
Oil,1954,3.8992411599458188,940.7332679844629,28.77,473.6700000000001,467.06326798446287
Oil,1955,27.64040435924345,968.3736723437064,32.24,505.9100000000001,462.4636723437063
Oil,1956,547.4520285070236,1515.8257008507298,35.09,541.0000000000001,974.8257008507297
Oil,1957,5.860255063791756,1521.6859559145216,36.97,577.9700000000001,943.7159559145215
Oil,1958,26.999915679825822,1548.6858715943474,37.9,615.8700000000001,932.8158715943473
Oil,1959,38.08929494574519,1586.7751665400926,40.9,656.7700000000001,930.0051665400925
Oil,1960,24.26891565534685,1611.0440821954394,44.07,700.8400000000001,910.2040821954392
Oil,1961,58.07559219231431,1669.1196743877538,46.91,747.7500000000001,921.3696743877537
Oil,1962,215.31503963760807,1884.434714025362,50.88,798.6300000000001,1085.8047140253618
Oil,1963,96.21894398909937,1980.6536580144614,54.59,853.2200000000001,1127.4336580144613
Oil,1964,142.22002501972784,2122.873683034189,58.96,912.1800000000002,1210.6936830341888
Oil,1965,150.7100106141503,2273.5836936483392,65.63,977.8100000000002,1295.773693648339
Oil,1966,623.32165132421,2896.9053449725493,71.27,1049.0800000000002,1847.8253449725491
Oil,1967,1137.445291544125,4034.350636516674,76.46,1125.5400000000002,2908.810636516674
Oil,1968,301.97408402687375,4336.324720543548,83.41,1208.9500000000003,3127.374720543548
Oil,1969,982.3781303010214,5318.702850844569,89.79,1298.7400000000002,4019.962850844569
Oil,1970,255.95323177229665,5574.656082616866,98.76,1397.5000000000002,4177.156082616866
Oil,1971,197.34115407976662,5771.997236696633,104.4,1501.9000000000003,4270.0972366966325
Oil,1972,95.9402270934793,5867.937463790113,110.34,1612.2400000000002,4255.697463790113
Oil,1973,172.67807897940358,6040.615542769517,120.4,1732.6400000000003,4307.975542769516
Oil,1974,160.5701516165411,6201.185694386058,120.67,1853.3100000000004,4347.875694386057
Oil,1975,348.5887330209276,6549.7744274069855,114.62,1967.9300000000003,4581.844427406985
Oil,1976,640.7668380874898,7190.541265494476,124.53,2092.4600000000005,5098.081265494475
Oil,1977,237.36892343995726,7427.910188934433,128.88,2221.3400000000006,5206.570188934433
Oil,1978,538.9588605442283,7966.8690494786615,130.05,2351.390000000001,5615.479049478661
Oil,1979,212.80184004401409,8179.670889522676,135.55,2486.940000000001,5692.730889522674
Oil,1980,396.03194779418607,8575.702837316861,129.42,2616.360000000001,5959.342837316861
Oil,1981,176.9093918273083,8752.61222914417,121.96,2738.320000000001,6014.292229144168
Oil,1982,83.50735594100257,8836.119585085173,117.14,2855.460000000001,5980.659585085172
Oil,1983,67.39836685297104,8903.517951938144,115.64,2971.100000000001,5932.417951938143
Oil,1984,158.34710144576323,9061.865053383906,117.91,3089.0100000000007,5972.855053383906
Oil,1985,57.55912121030445,9119.42417459421,116.88,3205.890000000001,5913.53417459421
Oil,1986,175.33894849866886,9294.76312309288,122.65,3328.540000000001,5966.223123092879
Oil,1987,192.4367871457776,9487.199910238658,122.93,3451.4700000000007,6035.729910238657
Oil,1988,158.87702898254346,9646.076939221202,128.19,3579.6600000000008,6066.416939221202
Oil,1989,299.8533156322894,9945.930254853492,129.73,3709.390000000001,6236.540254853491
Oil,1990,176.01679528732691,10121.94705014082,132.22,3841.6100000000006,6280.337050140819
Oil,1991,220.94029620792904,10342.887346348749,131.86,3973.4700000000007,6369.417346348748
Oil,1992,167.67676474600387,10510.564111094753,133.77,4107.240000000001,6403.324111094752
Oil,1993,86.90103989139303,10597.465150986145,133.58,4240.820000000001,6356.6451509861445
Oil,1994,89.55982355395254,10687.024974540098,135.43,4376.250000000001,6310.774974540097
Oil,1995,104.0915496307521,10791.11652417085,137.29,4513.540000000001,6277.576524170849
Oil,1996,266.72506726832887,11057.841591439179,140.94,4654.4800000000005,6403.3615914391785
Oil,1997,209.77542494960295,11267.617016388782,144.08,4798.56,6469.057016388781
Oil,1998,135.59371255274976,11403.21072894153,147.72,4946.280000000001,6456.93072894153
Oil,1999,90.05847955967127,11493.269208501202,144.38,5090.660000000001,6402.6092085012015
Oil,2000,157.68314506609693,11650.9523535673,150.64,5241.300000000001,6409.652353567299
Oil,2001,36.10151385589581,11687.053867423196,150.63,5391.930000000001,6295.1238674231945
Oil,2002,73.41374992939755,11760.467617352593,148.81,5540.740000000002,6219.727617352592
Oil,2003,85.71567423412297,11846.183291586716,155.42,5696.160000000002,6150.023291586715
Oil,2004,79.48163790432551,11925.664929491042,163.21,5859.370000000002,6066.29492949104
Oil,2005,13.37185264269259,11939.036782133735,164.6,6023.970000000002,5915.066782133733
Oil,2006,197.71564957650517,12136.75243171024,166.07,6190.040000000002,5946.712431710238
Oil,2007,53.85845201623923,12190.610883726478,165.73,6355.770000000001,5834.840883726477
Oil,2008,168.70539875012287,12359.3162824766,167.49,6523.260000000001,5836.056282476599
Oil,2009,347.50456424309345,12706.820846719695,163.32,6686.580000000001,6020.240846719694
Oil,2010,136.67607156554163,12843.496918285236,166.55,6853.130000000001,5990.366918285235
Oil,2011,42.979109991042606,12886.47602827628,167.84,7020.970000000001,5865.506028276279
Oil,2012,57.98974664275602,12944.465774919036,172.52,7193.490000000002,5750.975774919034
Oil,2013,158.49969551354206,13102.965470432577,172.75,7366.240000000002,5736.725470432575
Oil,2014,47.99721750269802,13150.962687935275,176.81,7543.050000000002,5607.9126879352725
Oil,2015,23.63944430051352,13174.602132235788,182.74,7725.790000000002,5448.8121322357865
Oil,2016,19.222753508456808,13193.824885744245,183.26,7909.050000000002,5284.774885744243
Oil,2017,141.82632520977225,13335.651210954018,183.59,8092.640000000002,5243.011210954016
Oil,2018,41.206369283333316,13376.85758023735,187.89,8280.530000000002,5096.327580237348
Oil,2019,101.18677840365872,13478.04435864101,187.53,8468.060000000003,5009.984358641006
Oil,2020,113.93531255656242,13591.979671197572,174.82,8642.880000000003,4949.0996711975695
Oil,2021,17.606124572043907,13609.585795769617,177.09,8819.970000000003,4789.615795769614
Oil,2022,30.162773699058558,13639.748569468675,184.52,9004.490000000003,4635.258569468671
Oil,2023,40.04677697090569,13679.79534643958,0.0,9004.490000000003,4675.305346439576
Oil,2024,11.710098528473477,13691.505444968054,0.0,9004.490000000003,4687.01544496805
Oil,2025,0.15256000000000006,13691.658004968054,0.0,9004.490000000003,4687.168004968051
