Year,Oil_discoveries_backdated,Oil_discoveries_cumulative_backdated,Oil_production_backdated,Oil_production_cumulative_backdated,Oil_reserves_backdated,Oil_Discoveries,Oil_Cumulative_Discoveries,Oil_Production,Oil_Cumulative_Production,Oil_Reserves,Oil_Discoveries_Adjusted,Oil_Cumulative_Discoveries_Adjusted,Oil_Reserves_Fixed,Gas_Discoveries,Gas_Cumulative_Discoveries,Gas_Production,Gas_Cumulative_Production,Gas_Reserves,Gas_Discoveries_Adjusted,Gas_Cumulative_Discoveries_Adjusted,Gas_Reserves_Fixed,Coal_Discoveries,Coal_Cumulative_Discoveries,Coal_Production,Coal_Cumulative_Production,Coal_Reserves,Coal_Discoveries_Adjusted,Coal_Cumulative_Discoveries_Adjusted,Coal_Reserves_Fixed
1850,,,,,,,,,,,4163.988011029117,4163.988011029117,4163.988011029117,,,,,,2743.408953635961,2743.408953635961,2743.408953635961,0.17009,0.17009,0.0,0.0,0.17009,0.006284328759272594,0.006284328759272594,0.23849585341914203
1853,,,,,,,,,,,0.0,4163.988011029117,4163.988011029117,,,,,,0.0,2743.408953635961,2743.408953635961,0.1391,0.3091899999999999,0.0,0.0,0.3091899999999999,0.01096326518431533,0.017247593943587925,0.4937091699158854
1869,,,,,,,,,,,0.0,4163.988011029117,4163.988011029117,1.2339,1.2339,0.0,0.0,1.2339,0.0,2743.408953635961,2743.408953635961,,,,,,0.6747080436109777,0.6919556375545656,0.7691253835353247
1871,,,,,,,,,,,0.0,4163.988011029117,4163.988011029117,,,,,,0.0,2743.408953635961,2743.408953635961,0.0676799999999999,0.3768699999999999,0.0,0.0,0.3768699999999999,0.5673934818515498,1.2593491194061155,1.2418028484709704
1873,,,,,,,,,,,0.0,4163.988011029117,4163.988011029117,,,,,,0.0,2743.408953635961,2743.408953635961,0.2304,0.60727,0.0,0.0,0.60727,0.6114411186069663,1.8707902380130816,1.848475452788628
1875,,,,,,,,,,,0.0,4163.988011029117,4163.988011029117,,,,,,0.0,2743.408953635961,2743.408953635961,1.44,2.04727,0.0,0.0,2.04727,0.4988814154244205,2.369671653437502,3.2776898565974095
1881,,,,,,,,,,,0.0,4163.988011029117,4163.988011029117,,,,,,0.0,2743.408953635961,2743.408953635961,4.885000000000001,6.932270000000001,0.0,0.0,6.932270000000001,0.6809389620943735,3.050610615531876,5.531728206687773
1887,,,,,,,,,,,0.0,4163.988011029117,4163.988011029117,0.25516,1.48906,0.0,0.0,1.48906,0.0,2743.408953635961,2743.408953635961,,,,,,4.787417041066597,7.838027656598473,8.56540266205267
1888,,,,,,,,,,,0.0,4163.988011029117,4163.988011029117,,,,,,0.0,2743.408953635961,2743.408953635961,1.066,7.998270000000001,0.0,0.0,7.998270000000001,4.691513213259459,12.529540869857932,12.339609723306356
1889,,,,,,,,,,,0.0,4163.988011029117,4163.988011029117,0.25516,1.74422,0.0,0.0,1.74422,0.0,2743.408953635961,2743.408953635961,,,,,,4.509621644979633,17.039162514837564,16.757903721701222
1890,,,,,,,,,,,0.0,4163.988011029117,4163.988011029117,0.12758,1.8718,0.0,0.0,1.8718,0.0,2743.408953635961,2743.408953635961,,,,,,4.201544444868367,21.240706959705932,20.889068226441953
1891,,,,,,,,,,,0.0,4163.988011029117,4163.988011029117,,,,,,0.0,2743.408953635961,2743.408953635961,1.128,9.12627,0.0,0.0,9.12627,3.9013736478002863,25.14208060750622,20.83272754602924
1899,,,,,,,,,,,0.0,4163.988011029117,4163.988011029117,0.12758,1.99938,0.0,0.0,1.99938,0.0,2743.408953635961,2743.408953635961,3.4970000000000003,12.62327,0.0,0.0,12.62327,3.3517695727959027,28.493850180302122,16.67607499140673
1900,,,,,,0.0,0.0,0.85,0.85,-0.85,0.85,4164.838011029117,4163.988011029117,0.0,1.99938,0.265825512,0.265825512,1.7335544880000002,0.265825512,2743.674779147961,2743.408953635961,0.0,12.62327,19.26,19.26,-6.636730000000002,3.013987287492242,31.507837467794364,8.304028363154883
1901,29.97845,29.97845,1.5373829999999997,1.5373829999999997,28.441066999999997,29.97845,29.97845,0.95,1.7999999999999998,28.17845,0.95,4165.788011029117,4163.988011029117,0.51032,2.5097,0.29458103,0.560406542,1.949293458,0.29458103,2743.969360177961,2743.408953635961,0.0,12.62327,19.61,38.870000000000005,-26.246730000000007,3.61806227393064,35.12589974172501,0.0
1902,7.6867686793,37.6652186793,0.7948672954,2.3322502953999997,35.332968383899996,7.6867686793,37.6652186793,1.03,2.83,34.8352186793,1.03,4166.818011029117,4163.988011029117,0.12758,2.63728,0.323336534,0.883743076,1.753536924,0.323336534,2744.292696711961,2743.408953635961,3.7886,16.41187,20.08,58.95,-42.53813,3.204574076721708,38.33047381844671,0.0
1903,1.5373537382999998,39.202572417599995,0.7948672954,3.1271175908,36.0754548268,1.5373537382999998,39.2025724176,1.1,3.93,35.2725724176,1.1,4167.918011029117,4163.988011029117,0.0,2.63728,0.352092042,1.235835118,1.401444882,0.352092042,2744.644788753961,2743.408953635961,28.24512,44.65699,21.91,80.86,-36.20301,2.9603300066125278,41.29080382505924,0.0
1904,13.8361836203,53.0387560379,0.7909608370999999,3.9180784279000003,49.12067761,13.8361836203,53.0387560379,1.23,5.16,47.87875603789999,1.23,4169.148011029117,4163.988011029117,0.0,2.63728,0.380847546,1.616682664,1.020597336,0.380847546,2745.025636299961,2743.408953635961,4.857,49.51399,22.03,102.89,-53.37601,2.3816903673543024,43.672494192413545,0.0
1905,13.8361836203,66.87493964599999,0.7948672954,4.7129457233,62.161993941,13.8361836203,66.87493965819999,1.21,6.37,60.5049396582,1.21,4170.358011029117,4163.988011029117,0.12758,2.76486,0.40960305,2.026285714,0.738574286,0.40960305,2745.435239349961,2743.408953635961,0.0828,49.59679,23.75,126.64,-77.04321,2.273320777415743,45.945814969829286,0.0
1906,3.8433843366,70.71832400699999,0.7948672954,5.507813018699999,65.21051097,3.8433843366,70.71832399479999,1.21,7.58,63.13832399479999,1.21,4171.568011029117,4163.988011029117,0.12758,2.89244,0.438358558,2.464644272,0.427795728,0.438358558,2745.873597907961,2743.408953635961,0.0,49.59679,25.08,151.72,-102.12321,2.0829622084727006,48.028777178301986,0.0
1907,3.8433843366,74.56170830699999,0.8717258985,6.3795389172,68.182169402,3.8433843366,74.56170833139998,1.49,9.07,65.49170833139999,1.49,4173.058011029117,4163.988011029117,0.0,2.89244,0.46711404,2.9317583120000004,-0.0393183120000002,0.46711404,2746.340711947961,2743.408953635961,1.3958,50.99259,27.74,179.46,-128.46741,3.1301439694876385,51.15892114778963,0.0
1908,3.8433843366,78.405092668,1.8747821800999998,8.2543210973,70.15077158899999,3.8433843366,78.40509266799998,1.61,10.68,67.72509266799997,1.61,4174.668011029116,4163.988011029117,0.12758,3.02002,0.49586958,3.4276278920000003,-0.4076078920000001,0.49586958,2746.8365815279612,2743.408953635961,0.9588,51.95139,26.36,205.82,-153.86861,2.8765532910499427,54.03547443883957,0.0
1909,11.530153015899998,89.93524569,1.964111184,10.2184322813,79.71681342699999,11.530153015899998,89.93524568389998,1.7,12.38,77.55524568389998,1.7,4176.368011029116,4163.988011029117,0.0,3.02002,0.524625084,3.952252976000001,-0.9322329760000004,0.524625084,2747.3612066119613,2743.408953635961,0.0,51.95139,27.55,233.37,-181.41861,2.658078817617886,56.693553256457456,0.0
1910,17.679567956899998,107.61481365299998,1.9511639157,12.169596196999999,95.445217456,17.679567956899998,107.61481364079998,1.85,14.23,93.38481364079998,1.85,4178.2180110291165,4163.988011029117,0.0,3.02002,0.5673204,4.519573376,-1.4995533760000002,0.5673204,2747.9285270119613,2743.408953635961,0.0,51.95139,29.02,262.39,-210.43861,2.4226055776429796,59.11615883410043,0.0
1911,16.1422142186,123.75702783499999,1.964111184,14.133707380999999,109.62332045399998,16.1422142186,123.75702785939998,1.95,16.18,107.57702785939998,1.95,4180.168011029116,4163.988011029117,0.0913901045037345,3.111410104503735,0.597475188,5.117048564,-2.0056384594962653,0.597475188,2748.526002199961,2743.408953635961,0.0,51.95139,29.54,291.93,-239.97861,3.3983259953475935,62.51448482944802,0.0
1912,12.298829881999998,136.05585771699998,1.964111184,16.097818565,119.958039152,12.298829881999998,136.0558577414,1.99,18.17,117.8858577414,1.99,4182.158011029116,4163.988011029117,5.1854612970724725,8.296871401576208,0.627629976,5.74467854,2.5521928615762084,0.627629976,2749.1536321759613,2743.408953635961,5.0234,56.97479,31.0,322.93,-265.95521,3.234230472349618,65.74871530179765,0.0
1913,9.2241224115,145.279980159,1.964111184,18.061929748999997,127.21805041,9.2241224115,145.27998015289998,2.19,20.36,124.91998015289998,2.19,4184.348011029116,4163.988011029117,0.3467042732937802,8.643575674869988,0.657784764,6.402463303999999,2.2411123708699883,0.657784764,2749.8114169399614,2743.408953635961,2.678,59.65279,33.22,356.15,-296.49721,3.241084280114821,68.98979958191246,0.0
1914,13.8361836203,159.116163761,1.964111184,20.026040932999997,139.090122828,13.8361836203,159.1161637732,2.26,22.62,136.49616377319998,2.26,4186.608011029116,4163.988011029117,1.4782071976788551,10.121782872548843,0.687939516,7.09040282,3.031380052548844,0.687939516,2750.4993564559613,2743.408953635961,0.0,59.65279,29.81,385.96,-326.30721,3.5872573555057685,72.57705693741823,0.0
1915,12.298829881999998,171.41499364299997,1.9965666487999998,22.0226075818,149.392386049,12.298829881999998,171.4149936552,2.42,25.04,146.3749936552,2.42,4189.028011029116,4163.988011029117,1.4172804613430323,11.539063333891876,0.718094304,7.808497124,3.730566209891877,0.718094304,2751.217450759961,2743.408953635961,0.0187999999999999,59.67159,29.34,415.3,-355.62841,3.423977706013314,76.00103464343155,0.0
1916,18.448244823,189.86323846599998,2.9449481606999997,24.967555742499997,164.895682754,18.448244823,189.8632384782,2.6,27.64,162.22323847820002,2.6,4191.628011029116,4163.988011029117,6.92247824242885,18.461541576320727,0.748249128,8.556746252,9.904795324320729,0.748249128,2751.9656998879614,2743.408953635961,0.0,59.67159,31.47,446.77,-387.09841,5.6658749268158575,81.66690957024741,0.0
1917,11.530153015899998,201.393391488,3.0748928739,28.042448616399998,173.350942896,11.530153015899998,201.3933914941,2.87,30.51,170.8833914941,2.87,4194.498011029116,4163.988011029117,0.0304633681679115,18.49200494448864,0.778403916,9.335150168,9.156854776488638,0.778403916,2752.7441038039615,2743.408953635961,6.8448,66.51639,32.77,479.54,-413.02361,5.4734579391580445,87.14036750940545,0.0
1918,9.6084608476,211.00185235999996,3.0748928739,31.117341490299996,179.88451082699999,9.6084608476,211.0018523417,2.85,33.36,177.64185234169997,2.85,4197.348011029117,4163.988011029117,0.4218301045037346,18.91383504899237,0.808558704,10.143708872,8.770126176992372,0.808558704,2753.5526625079615,2743.408953635961,1.104,67.62039,32.19,511.73,-444.10961,5.010149919999847,92.1505174294053,0.0
1919,16.9108910908,227.91274346299997,3.0783953108999995,34.1957368012,193.717006613,16.9108910908,227.9127434325,3.25,36.61,191.3027434325,3.25,4200.598011029117,4163.988011029117,0.0913901045037345,19.005225153496102,0.838713492,10.982422364,8.022802789496106,0.838713492,2754.3913759999614,2743.408953635961,0.69,68.31039,27.3,539.03,-470.71961,5.193745480048521,97.34426290945382,0.0
1920,20.7542754274,248.66701886599998,3.9162001036999996,38.1119369049,210.55508195499996,20.7542754274,248.6670188599,4.16,40.77,207.8970188599,4.16,4204.7580110291165,4163.988011029117,2.098694530195201,21.103919683691306,0.86886828,11.851290644,9.252629039691309,0.86886828,2755.260244279961,2743.408953635961,7.093500000000001,75.40389,31.29,570.3199999999999,-494.91611,5.179509238064929,102.52377214751874,0.0
1921,14.604860486399998,263.271879328,4.1338545696999995,42.2457914746,221.02608789,14.604860486399998,263.27187934629995,4.5,45.27,218.0018793463,4.5,4209.2580110291165,4163.988011029117,0.0689403607362441,21.17286004442755,0.899023032,12.750313676,8.422546368427552,0.899023032,2756.1592673119612,2743.408953635961,0.0,75.40389,26.13,596.4499999999999,-521.0461099999999,6.538801650002694,109.06257379752144,0.0
1922,15.7578757886,279.029755141,5.1214402143,47.3672316889,231.662523446,15.7578757886,279.0297551349,5.03,50.3,228.7297551349,5.03,4214.288011029116,4163.988011029117,1.1533028942868129,22.326162938714365,0.95971014,13.710023816,8.616139122714365,0.95971014,2757.118977451961,2743.408953635961,0.1739,75.57779000000001,27.58,624.03,-548.4522099999999,6.601568026097232,115.66414182361866,0.0
1923,21.5229522935,300.552707404,6.0441255493999995,53.4113572383,247.14135018399998,21.5229522935,300.5527074284,5.94,56.24,244.3127074284,5.94,4220.228011029116,4163.988011029117,0.034470180368122,22.36063311908249,1.124447292,14.834471108,7.526162011082487,1.124447292,2758.243424743961,2743.408953635961,0.0,75.57779000000001,32.12,656.15,-580.5722099999999,6.282622655624991,121.94676447924365,0.0
1924,10.761476149799998,311.314183566,6.1733891793,59.5847464176,251.72943718499997,10.761476149799998,311.3141835782,5.93,62.17,249.1441835782,5.93,4226.158011029116,4163.988011029117,0.034470180368122,22.395103299450607,1.289184408,16.123655516,6.271447783450608,1.289184408,2759.532609151961,2743.408953635961,1.0116999999999998,76.58949000000001,31.28,687.43,-610.84051,8.916226073436942,130.8629905526806,0.0
1925,19.9855985613,331.29978217,6.1733891793,65.758135603,265.541646567,19.9855985613,331.29978213949994,6.22,68.39,262.90978213949995,6.22,4232.378011029116,4163.988011029117,3.857409056191973,26.25251235564258,1.45392156,17.577577076,8.674935279642579,1.45392156,2760.9865307119608,2743.408953635961,0.0,76.58949000000001,31.36,718.79,-642.2005099999999,10.909215287441532,141.77220584012213,0.0
1926,103.00270027699999,434.30248244699993,6.295171787499999,72.05330736,362.249175026,103.002700277,434.3024824164999,6.38,74.77,359.5324824165,6.38,4238.7580110291165,4163.988011029117,0.1040003636020387,26.35651271924462,1.61865864,19.196235716,7.16027700324462,1.61865864,2762.6051893519607,2743.408953635961,8.7498729,85.33936290000001,31.22,750.01,-664.6706371,10.251314938966527,152.02352077908864,0.0
1927,136.055805562,570.358288009,7.255788227999999,79.30909558799999,491.04919236,136.055805562,570.3582879784999,7.28,82.05,488.3082879784999,7.28,4246.038011029116,4163.988011029117,2.8661563422732814,29.2226690615179,1.783395828,20.979631544,8.243037517517902,1.783395828,2764.3885851799605,2743.408953635961,0.0,85.33936290000001,33.64,783.65,-698.3106371,9.495169501512736,161.5186902806014,0.0
1928,211.38613863499998,781.7444264,7.3648946763,86.67399030699998,695.0704365199999,211.386138635,781.7444266134999,7.65,89.7,692.0444266134998,7.65,4253.688011029116,4163.988011029117,2.219605432035812,31.442274493553715,1.94813316,22.927764704,8.514509789553713,1.94813316,2766.3367183399605,2743.408953635961,0.2068,85.54616290000001,33.04,816.6899999999999,-731.1438370999999,10.515081475638585,172.03377175624,0.0
1929,38.4338433843,820.1782700099999,8.205907696999999,94.879898004,725.2983722499999,38.4338433843,820.1782699977998,8.57,98.27,721.9082699977998,8.57,4262.258011029116,4163.988011029117,0.5789309018406104,32.021205395394325,2.0685816,24.996346304,7.024859091394326,2.0685816,2768.4052999399605,2743.408953635961,0.0,85.54616290000001,35.14,851.8299999999999,-766.2838370999999,11.58098516448799,183.61475692072798,0.0
1930,121.4509451,941.6292151099999,8.3403095338,103.22020755,838.4090075599998,121.4509451,941.6292150977998,8.18,106.45000000000002,835.1792150977998,8.18,4270.438011029116,4163.988011029117,0.823255608937817,32.84446100433214,2.168638344,27.164984648,5.679476356332138,2.168638344,2770.5739382839606,2743.408953635961,8.64,94.1861629,32.11,883.9399999999999,-789.7538370999999,13.915869345457727,197.53062626618572,0.0
1931,18.063906393,959.6931213199998,8.260878395999999,111.48108594600001,848.2120357399999,18.063906393,959.6931214908,7.91,114.36,845.3331214907998,7.91,4278.348011029116,4163.988011029117,0.0513751217875634,32.895836126119704,2.2716864,29.436671048,3.459165078119703,2.2716864,2772.8456246839605,2743.408953635961,0.69,94.8761629,28.32,912.26,-817.3838370999999,40.119264703805925,237.64989096999165,0.0
1932,34.5904590477,994.2835806299998,7.569102180299999,119.05018810799999,875.2333924,34.5904590477,994.2835805385,7.55,121.91,872.3735805384999,7.55,4285.898011029116,4163.988011029117,5.385685039176529,38.28152116529623,2.374734384,31.811405432,6.4701157332962325,2.374734384,2775.2203590679605,2743.408953635961,2.3124,97.1885629,25.18,937.44,-840.2514371,38.61288471749457,276.2627756874862,0.0
1933,16.1422142186,1010.42579469,8.2010585935,127.251246671,883.17454808,16.1422142186,1010.4257947571,8.24,130.15,880.2757947570999,8.24,4294.138011029116,4163.988011029117,0.12758,38.40910116529624,2.47778244,34.289187872,4.119913293296236,2.47778244,2777.6981415079604,2743.408953635961,4.614,101.8025629,26.36,963.8,-861.9974371,40.13361692809607,316.3963926155823,0.0
1934,26.1350135023,1036.56080854,9.3558630013,136.60710971499998,899.95369852,26.1350135023,1036.5608082594,8.7,138.85,897.7108082593999,8.7,4302.8380110291155,4163.988011029117,0.0,38.40910116529624,2.580830424,36.870018296,1.5390828692962373,2.580830424,2780.2789719319603,2743.408953635961,0.9418,102.7443629,28.77,992.57,-889.8256370999999,39.14815591366306,355.54454852924533,0.0
1935,24.597659763999996,1061.15846806,9.520635987799999,146.127745654,915.0307226499999,24.597659764,1061.1584680233998,9.46,148.31,912.8484680233998,9.46,4312.2980110291155,4163.988011029117,0.1395501566185023,38.54865132191474,2.68387848,39.553896776,-1.0052454540852551,2.68387848,2782.9628504119605,2743.408953635961,18.148,120.8923629,30.0,1022.57,-901.6776371,39.384579275484036,394.9291278047294,0.0
1936,123.75697567999998,1184.91544374,10.5610253735,156.688771058,1028.22667256,123.75697567999998,1184.9154437034,10.3,158.61,1026.3054437033998,10.3,4322.598011029116,4163.988011029117,6.512332468802907,45.06098379071765,2.786926464,42.34082323999999,2.720160550717658,2.786926464,2785.7497768759604,2743.408953635961,1.3461999999999998,122.2385629,32.96,1055.53,-933.2914371,43.71583321078698,438.64496101551634,0.0
1937,65.337533771,1250.25297745,11.5211842591,168.209955311,1082.0430222,65.337533771,1250.2529774743998,11.73,170.34,1079.9129774744,11.73,4334.328011029115,4163.988011029117,6.659247334765565,51.72023112548322,2.9898774,45.33070063999999,6.389530485483228,2.9898774,2788.73965427596,2743.408953635961,0.1104,122.3489629,34.63,1090.16,-967.8110371,47.21857110584541,485.86353212136174,0.0
1938,311.31413141099995,1561.5671088,11.733130949,179.94308625999997,1381.62402254,311.31413141099995,1561.5671088853996,11.45,181.79,1379.7771088853997,11.45,4345.778011029115,4163.988011029117,3.982093493888772,55.70232461937199,3.17501388,48.50571451999999,7.196610099371995,3.17501388,2791.91466815596,2743.408953635961,4.122,126.4709629,32.31,1122.47,-995.9990371,50.27750486475677,536.1410369861185,0.0
1939,26.903690368399996,1588.4707995099998,12.682421116899999,192.62550738299998,1395.8452917,26.9036903684,1588.4707992537997,11.93,193.72,1394.7507992537996,11.93,4357.708011029115,4163.988011029117,0.2303302435751268,55.93265486294711,3.40309836,51.90881287999999,4.023841982947118,3.40309836,2795.31776651596,2743.408953635961,2.5208,128.9917629,34.13,1156.6,-1027.6082371000002,59.0254222430114,595.1664592291298,0.0
1940,147.20162015399998,1735.67241942,12.808286192799999,205.43379358800001,1530.23862571,147.20162015399998,1735.6724194077997,12.31,206.03,1529.6424194077997,12.31,4370.018011029116,4163.988011029117,0.738043308989957,56.67069817193707,3.63118284,55.53999571999999,1.1307024519370756,3.63118284,2798.94894935596,2743.408953635961,13.0852,142.0769629,37.64,1194.2400000000002,-1052.1630371,57.053481605886645,652.2199408350165,0.0
1941,78.405040513,1814.07745975,12.838079336999998,218.271872925,1595.8055871299998,78.405040513,1814.0774599208,12.68,218.71,1595.3674599207995,12.68,4382.698011029116,4163.988011029117,2.278425138808913,58.94912331074598,3.85926732,59.39926304,-0.4501397292540119,3.85926732,2802.80821667596,2743.408953635961,3.7727,145.8496629,39.02,1233.2600000000002,-1087.4103371,57.64272631101969,709.8626671460362,0.0
1942,103.77137713699999,1917.84883707,12.849576000899999,231.121448932,1686.7273882599998,103.771377137,1917.8488370577995,11.94,230.65,1687.1988370577994,11.94,4394.638011029116,4163.988011029117,0.1439840102827193,59.093107321028704,4.0873518,63.48661484,-4.39350751897129,4.0873518,2806.89556847596,2743.408953635961,1.2558,147.1054629,39.69,1272.9500000000005,-1125.8445371000005,54.946739993081074,764.8094071391173,0.0
1943,18.448244823,1936.29708171,13.776957982199997,244.898406902,1691.3986749299997,18.448244823,1936.2970818808,12.85,243.5,1692.7970818807996,12.85,4407.488011029116,4163.988011029117,5.969118389687322,65.06222571071602,4.31543628,67.80205111999999,-2.7398254092839665,4.31543628,2811.21100475596,2743.408953635961,22.312500000000004,169.4179629,40.79,1313.7400000000002,-1144.3220371000002,52.130790340450694,816.940197479568,0.0
1944,52.2700270046,1988.5671088000001,15.847924976799998,260.74633189099995,1727.8207769699998,52.2700270046,1988.5671088854,14.75,258.25,1730.3171088853996,14.75,4422.238011029116,4163.988011029117,6.735831962792062,71.79805767350808,4.54352076,72.34557188,-0.5475142064919112,4.54352076,2815.75452551596,2743.408953635961,18.9595,188.3774629,39.16,1352.9000000000003,-1164.5225371000004,48.61705996576833,865.5572574453364,0.0
1945,80.326732663,2068.89384128,15.995037835,276.74136972599996,1792.1524719200002,80.326732663,2068.8938415483995,14.74,272.99,1795.9038415483994,14.74,4436.978011029116,4163.988011029117,0.3348957439998953,72.13295341750798,4.77160524,77.11717712,-4.984223702492017,4.77160524,2820.52613075596,2743.408953635961,0.4588,188.8362629,31.42,1384.3200000000004,-1195.4837371000003,48.93420167472881,914.4914591200652,0.0
1946,34.9747974777,2103.86863902,16.0474118982,292.788781612,1811.0798575299998,34.9747974777,2103.8686390261,15.68,288.67,1815.1986390260995,15.68,4452.658011029116,4163.988011029117,1.0051095738668367,73.13806299137481,5.02698996,82.14416707999999,-9.006104088625179,5.02698996,2825.5531207159597,2743.408953635961,0.6559,189.4921629,33.83,1418.1500000000003,-1228.6578371000005,46.361443811643696,960.8529029317089,0.0
1947,27.672367234499998,2131.54100598,17.877359639499996,310.666141221,1820.8748648199999,27.6723672345,2131.5410062606,17.27,305.94,1825.6010062606,17.27,4469.9280110291165,4163.988011029117,4.858819242235839,77.99688223361065,5.56156044,87.70572751999998,-9.708845286389334,5.56156044,2831.1146811559597,2743.408953635961,12.4728,201.9649629,38.01,1456.1600000000003,-1254.1950371000005,46.14956313045507,1007.0024660621639,0.0
1948,890.71844675,3022.25945273,20.0433887108,330.709529944,2691.5499230299997,890.71844675,3022.2594530106,19.54,325.48,2696.7794530106,19.54,4489.4680110291165,4163.988011029117,1.18081911298284,79.1777013465935,6.28766532,93.99339283999998,-14.81569149340649,6.28766532,2837.40234647596,2743.408953635961,13.4452,215.4101629,39.28,1495.4400000000005,-1280.0298371000003,43.51539746855672,1050.5178635307207,0.0
1949,124.52565253999998,3146.7851052699993,20.3613879206,351.070917889,2795.7141879299998,124.52565253999998,3146.7851055506,19.43,344.91,2801.8751055506,19.43,4508.898011029117,4163.988011029117,29.54809829408369,108.72579964067718,6.71871312,100.71210596,8.013693680677193,6.71871312,2844.1210595959597,2743.408953635961,22.717,238.1271629,37.35,1532.7900000000002,-1294.6628371000002,42.20242399759845,1092.7202875283192,0.0
1950,62.26282626999999,3209.04793154,22.6499107381,373.720828621,2835.32710298,62.26282626999999,3209.0479318206,21.8,366.71,2842.3379318206,21.8,4530.698011029117,4163.988011029117,8.050022814691655,116.77582245536884,7.69188168,108.40398763999998,8.371834815368857,7.69188168,2851.8129412759595,2743.408953635961,194.94739,433.0745529,40.8,1573.59,-1140.5154471,41.45627577081913,1134.1765632991383,0.0
1951,270.958595834,3480.00652774,25.3635421103,399.084370713,3080.9221572099996,270.958595834,3480.0065276546,24.72,391.43000000000006,3088.5765276546,24.72,4555.418011029117,4163.988011029117,37.10893852834135,153.88476098371018,9.12423348,117.52822111999998,36.3565398637102,9.12423348,2860.9371747559594,2743.408953635961,6.1176,439.1921529,42.98,1616.5700000000002,-1177.3778471000005,44.02342503625468,1178.1999883353928,0.0
1952,46.889288929699994,3526.89581681,26.7481685077,425.83253923899997,3101.06327751,46.8892889297,3526.8958165843,25.99,417.4200000000001,3109.4758165842995,25.99,4581.408011029117,4163.988011029117,14.77657157131184,168.66133255502203,9.82665612,127.35487723999998,41.30645531502205,9.82665612,2870.7638308759592,2743.408953635961,27.9488,467.1409529,42.73,1659.3000000000002,-1192.1590471000002,43.99684219523143,1222.1968305306243,0.0
1953,234.446444618,3761.3422609399995,28.817925213499997,454.6504644219999,3306.69179664,234.446444618,3761.3422612023,27.48,444.9000000000001,3316.4422612022995,27.48,4608.888011029117,4163.988011029117,4.259291449027344,172.92062400404936,10.390842,137.74571923999997,35.17490476404939,10.390842,2881.154672875959,2743.408953635961,11.651484,478.7924368999999,42.92,1702.2200000000005,-1223.4275631000005,50.69704377333719,1272.8938743039614,0.0
1954,107.614761498,3868.9570225599996,30.4031151274,485.05357958599996,3383.90344334,107.614761498,3868.9570227003,28.77,473.6700000000001,3395.2870227002995,28.77,4637.658011029117,4163.988011029117,2.5105858692659,175.43120987331525,10.89935316,148.64507239999998,26.78613747331528,10.89935316,2892.054026035959,2743.408953635961,19.6757,498.46813689999993,42.37,1744.59,-1246.1218631000002,53.09439732791318,1325.9882716318746,0.0
1955,143.742574284,4012.69959721,34.3657115139,519.419291106,3493.2803058599998,143.742574284,4012.6995969843,32.24,505.9100000000001,3506.7895969843,32.24,4669.898011029117,4163.988011029117,1.9874216296354748,177.41863150295072,11.8568268,160.50189919999997,16.91673230295075,11.8568268,2903.910852835959,2743.408953635961,51.52309999999999,549.9912368999999,46.04,1790.63,-1240.6387631000002,55.26564014775955,1381.253911779634,0.0
1956,169.87758776799998,4182.577184489999,36.3321425706,555.75143364,3626.8257508499996,169.87758776799998,4182.577184752299,35.09,541.0000000000001,3641.577184752299,35.09,4704.988011029117,4163.988011029117,25.63770072915908,203.0563322321098,12.85829928,173.36019847999998,29.69613375210983,12.85829928,2916.769152115959,2743.408953635961,46.50337,596.4946068999999,48.65,1839.28,-1242.7853931000004,64.42600174157872,1445.6799135212127,0.0
1957,241.36453647999997,4423.94172097,38.484005233699996,594.2354388919999,3829.7062822,241.36453648,4423.941721232299,36.97,577.9700000000001,3845.9717212322985,36.97,4741.958011029117,4163.988011029117,20.42659883875073,223.48293107086053,13.97057688,187.33077536,36.15215571086054,13.97057688,2930.739728995959,2743.408953635961,45.333,641.8276068999999,50.02,1889.3,-1247.4723931000003,64.95866291354402,1510.6385764347567,0.0
1958,322.07560757299996,4746.01732897,39.9345038963,634.1699427699999,4111.8473862,322.075607573,4746.017328805298,37.9,615.8700000000001,4130.1473288052985,37.9,4779.858011029117,4163.988011029117,8.48342822657129,231.9663592974318,15.0265692,202.35734456,29.609014737431806,15.0265692,2945.766298195959,2743.408953635961,88.4569,730.2845068999999,51.6,1940.9,-1210.6154931,70.07869511113817,1580.7172715458948,0.0
1959,149.123312304,4895.14064103,43.105703960599996,677.27564645,4217.86499458,149.123312304,4895.1406411092985,40.9,656.7700000000001,4238.370641109298,40.9,4820.7580110291165,4163.988011029117,10.44847965165788,242.4148389490897,16.7748336,219.13217816,23.282660789089704,16.7748336,2962.541131795959,2743.408953635961,15.5957,745.8802068999998,53.48,1994.38,-1248.4997931000005,76.70722429053232,1657.4244958364272,0.0
1960,327.45634565399996,5222.596987049999,45.871117817999995,723.1467643899999,4499.45022205,327.456345654,5222.596986763298,44.07,700.8400000000001,4521.756986763298,44.07,4864.828011029116,4163.988011029117,26.20037440559526,268.6152133546849,18.26036532,237.39254348,31.222669874684957,18.26036532,2980.8014971159587,2743.408953635961,35.513400000000004,781.3936068999999,55.71,2050.09,-1268.6963931000005,85.75167828208882,1743.176174118516,0.0
1961,283.257425716,5505.854412399999,49.2390705092,772.38583507,4733.46857733,283.257425716,5505.854412479299,46.91,747.7500000000001,4758.104412479299,46.91,4911.738011029116,4163.988011029117,8.739711015278239,277.3549243699632,19.61796456,257.01050804,20.344416329963224,19.61796456,3000.4194616759587,2743.408953635961,12.85997,794.2535768999999,52.49,2102.58,-1308.3264231,94.87946821494842,1838.0556423334644,0.0
1962,279.798379846,5785.65279249,53.6434537898,826.02928875,4959.62350374,279.798379846,5785.652792325299,50.88,798.6300000000001,4987.022792325299,50.88,4962.618011029116,4163.988011029117,22.704033162488336,300.0589575324516,21.46318056,278.4736886,21.585268932451527,21.46318056,3021.882642235959,2743.408953635961,11.2799,805.5334768999999,53.75,2156.33,-1350.7965231,110.16506987920671,1948.220712212671,0.0
1963,172.95229520799998,5958.605087819999,58.222346187599996,884.25163484,5074.35345237,172.95229520799998,5958.6050875332985,54.59,853.2200000000001,5105.385087533298,54.59,5017.208011029116,4163.988011029117,6.564396349724783,306.62335388217633,23.4846144,301.958303,4.665050882176331,23.4846144,3045.3672566359587,2743.408953635961,8.024000000000001,813.5574768999999,55.38,2211.71,-1398.1525231,119.5368751712435,2067.7575873839146,0.0
1964,415.854185408,6374.459270299999,62.644454409,946.89608931,5427.563183429999,415.854185408,6374.459272941299,58.96,912.1800000000002,5462.279272941299,58.96,5076.168011029116,4163.988011029117,17.685272360381177,324.3086262425575,25.65938304,327.61768604,-3.309059797442501,25.65938304,3071.026639675959,2743.408953635961,35.394328,848.9518048999998,57.83,2269.54,-1420.5881951,121.13892030731544,2188.89650769123,0.0
1965,293.634563448,6668.0938357,66.450149066,1013.34623862,5654.74759769,293.634563448,6668.093836389299,65.63,977.8100000000002,5690.283836389299,65.63,5141.798011029116,4163.988011029117,36.63034472162085,360.9389709641784,27.49854744,355.11623348,5.82273748417839,27.49854744,3098.525187115959,2743.408953635961,14.6662,863.6180048999998,58.97,2328.51,-1464.8919950999998,122.19872150065717,2311.095229191887,0.0
1966,149.123312304,6817.217150199999,72.89789432799999,1086.2441330699999,5730.97301591,149.123312304,6817.217148693299,71.27,1049.0800000000002,5768.137148693299,71.27,5213.068011029117,4163.988011029117,138.51837614941832,499.4573471135967,29.5885368,384.70477028,114.75257683359672,29.5885368,3128.113723915959,2743.408953635961,31.6368,895.2548048999998,59.79,2388.3,-1493.0451951,126.40153298866854,2437.4967621805554,50.917365171627715
1967,189.863186311,7007.0803334,78.711336092,1164.95546904,5842.12486619,189.863186311,7007.0803350043,76.46,1125.5400000000002,5881.5403350043,76.46,5289.528011029117,4163.988011029117,189.3054373780141,688.7627844916108,31.842486,416.54725628,272.2155282116108,31.842486,3159.956209915959,2743.408953635961,16.4488,911.7036048999998,57.67,2445.97,-1534.2663951,125.79366199405833,2563.2904241746137,116.64293563085057
1968,321.306930713,7328.3872682,84.607974536,1249.5634432099998,6078.82382194,321.306930713,7328.3872657173,83.41,1208.9500000000005,6119.437265717299,83.41,5372.938011029117,4163.988011029117,44.49787333008141,733.2606578216921,34.8320628,451.37931908,281.8813387416921,34.8320628,3194.788272715959,2743.408953635961,25.6573,937.3609048999998,59.27,2505.24,-1567.8790951,128.07747844523763,2691.3679026198515,183.10997960091953
1969,239.058505839,7567.4457741,93.384630441,1342.9480741999998,6224.497699899999,239.058505839,7567.445771556299,89.79,1298.7400000000002,6268.705771556299,89.79,5462.728011029117,4163.988011029117,102.46508704728969,835.7257448689818,38.2527288,489.63204788,346.0936969889818,38.2527288,3233.041001515959,2743.408953635961,22.1634,959.5243048999998,60.47,2565.71,-1606.1856950999995,122.32645736749225,2813.694359987344,249.7309146160481
1970,125.29432946099999,7692.7401035,100.69272025199999,1443.6407943299998,6249.0993049,125.294329461,7692.7401010173,98.76,1397.5000000000002,6295.2401010173,98.76,5561.488011029117,4163.988011029117,43.80103445416327,879.5267793231451,35.139222,524.77126988,354.7555094431451,35.139222,3268.180223515959,2743.408953635961,63.82399999999999,1023.3483048999998,62.89,2628.5999999999995,-1605.2516950999998,129.82608905488766,2943.5204490422316,319.44665364611245
1971,288.253825367,7980.993926,106.69336052399998,1550.3341546099998,6430.659771999999,288.253825367,7980.9939263843,104.4,1501.9000000000003,6479.093926384299,104.4,5665.888011029117,4163.988011029117,48.60984583461357,928.1366251577588,37.5883056,562.35957548,365.7770496777586,37.5883056,3305.7685291159587,2743.408953635961,28.2325,1051.5808048999995,62.32,2690.92,-1639.3391951,129.70098821396655,3073.221437256198,391.220025994787
1972,102.618361847,8083.6122862,113.376297325,1663.7104522399998,6419.901836399999,102.618361847,8083.6122882313,110.34,1612.2400000000002,6471.3722882313,110.34,5776.228011029117,4163.988011029117,13.968240372565996,942.1048655303248,39.4397424,601.79931788,340.3055476503247,39.4397424,3345.2082715159586,2743.408953635961,79.22991,1130.8107148999998,62.1,2753.0199999999995,-1622.2092850999998,145.69768206873727,3218.9191193249353,467.00060371447046
1973,233.67776775800002,8317.290055299998,122.61844728,1786.3288995199998,6530.961157,233.677767758,8317.2900559893,120.4,1732.6400000000003,6584.6500559893,120.4,5896.628011029116,4163.988011029117,63.075167082690655,1005.1800326130152,41.3377236,643.13704148,362.0429911330153,41.3377236,3386.5459951159587,2743.408953635961,49.8837,1180.6944149,63.21,2816.23,-1635.5355850999997,142.30564503828876,3361.224764363224,544.0125614235083
1974,172.95229520799998,8490.2423488,123.191978918,1909.5208779499999,6580.721473899999,172.95229520799998,8490.242351197301,120.67,1853.3100000000004,6636.932351197301,120.67,6017.298011029116,4163.988011029117,49.11667901457626,1054.2967116275915,42.2103762,685.34741768,368.9492939475915,42.2103762,3428.756371315959,2743.408953635961,48.991200000000006,1229.6856148999998,63.77,2879.9999999999995,-1650.3143850999998,145.6624842225367,3506.887248585761,620.6767068454014
1975,176.027002709,8666.2693534,118.293368245,2027.8142464999999,6638.455106899999,176.027002709,8666.2693539063,114.62,1967.9300000000003,6698.3393539063,114.62,6131.918011029116,4163.988011029117,109.9883941806084,1164.2851058082,42.3003708,727.64778848,436.6373173281999,42.3003708,3471.056742115959,2743.408953635961,102.156922,1331.8425368999997,67.56,2947.5599999999995,-1615.7174630999998,140.65298900165993,3647.540237587421,692.9517942053584
1976,158.731773176,8825.001125599998,124.86559663399998,2152.67984289,6672.3212821,158.731773176,8825.0011270823,124.53,2092.4600000000005,6732.541127082299,124.53,6256.448011029116,4163.988011029117,48.37448164203645,1212.6595874502364,44.124408,771.77219648,440.8873909702363,44.124408,3515.181150115959,2743.408953635961,42.9508,1374.7933368999998,69.48,3017.0399999999995,-1642.2466630999998,135.12192677824268,3782.6621643656636,761.4183246719397
1977,238.67416740899998,9063.675294899998,131.579389675,2284.25923287,6779.416060199999,238.674167409,9063.6752944913,128.88,2221.3400000000006,6842.3352944913,128.88,6385.328011029116,4163.988011029117,57.04159412177475,1269.7011815720111,45.9869796,817.7591760800001,451.9420054920111,45.9869796,3561.168129715959,2743.408953635961,73.28228,1448.0756168999997,71.59,3088.63,-1640.5543831,133.24239175905663,3915.9045561247203,824.6443632010356
1978,147.20162015399998,9210.8769142,133.39265536199997,2417.65188811,6793.225026699999,147.20162015399998,9210.8769146453,130.05,2351.390000000001,6859.486914645298,130.05,6515.378011029116,4163.988011029117,85.90084198132473,1355.6020235533358,47.5437816,865.3029576800001,490.2990658733357,47.5437816,3608.711911315959,2743.408953635961,91.2398,1539.3154168999995,72.7,3161.3299999999995,-1622.0145830999998,132.7528605714098,4048.65741669613,885.045998652379
1979,245.59225921,9456.4691728,138.42695931499998,2556.07884773,6900.390326899999,245.59225921,9456.4691738553,135.55,2486.940000000001,6969.529173855299,135.55,6650.9280110291165,4163.988011029117,88.19439232190147,1443.7964158752372,50.7492756,916.05223328,527.7441825952371,50.7492756,3659.461186915959,2743.408953635961,103.9739,1643.2893168999997,76.97,3238.2999999999997,-1595.0106830999996,132.66002453511115,4181.317441231241,944.8300643940229
1980,82.248424813,9538.7176017,134.044716814,2690.1235643,6848.5940374,82.248424813,9538.7175986683,129.42,2616.360000000001,6922.357598668299,129.42,6780.348011029117,4163.988011029117,83.96764878823467,1527.7640646634718,51.4200168,967.47225008,560.2918145834717,51.4200168,3710.881203715959,2743.408953635961,111.11584,1754.4051568999996,75.49,3313.789999999999,-1559.3848430999994,134.46097361289614,4315.778414844137,1006.4572708937334
1981,149.89198922499997,9688.6095894,124.87686504199999,2815.0004292199997,6873.609161399999,149.89198922499995,9688.6095878933,121.96,2738.320000000001,6950.289587893298,173.93524293167587,6954.2832539607925,4215.963253960793,24.6957135940786,1552.4597782575504,52.311528,1019.78377808,532.6760001775503,152.1211090422865,3863.002312758246,2843.2185346782476,157.76878999999997,1912.1739468999997,77.2,3390.989999999999,-1478.8160530999994,139.75407822974583,4455.5324930738825,1071.92454204251
1982,160.653465326,9849.2630507,118.70682020599999,2933.70724967,6915.555805299999,160.653465326,9849.2630532193,117.14,2855.460000000001,6993.803053219299,306.8229909916678,7261.106244952461,4405.646244952461,18.53378163141923,1570.9935598889697,52.5509568,1072.33473488,498.6588250089696,142.99998039209981,4006.0022931503454,2933.6675582703474,122.9122,2035.0861468999997,79.94,3470.929999999999,-1435.8438530999997,150.80809554938966,4606.340588623272,1142.43466355891
1983,79.55805580299999,9928.821111199999,118.00408379699998,3051.7113330399998,6877.1097745,79.55805580299999,9928.8211090223,115.64,2971.100000000001,6957.721109022299,188.24285700367147,7449.3491019561325,4478.249101956132,17.54111917932417,1588.5346790682938,53.021016,1125.35575088,463.17892818829387,114.51701902387899,4120.519312174224,2995.1635612942264,71.53724000000001,2106.6233869,79.69,3550.619999999999,-1443.9966130999996,158.94318381673924,4765.2837724400115,1218.864214129441
1984,153.735373525,10082.5564832,119.77337281499999,3171.48470616,6911.0717746,153.735373525,10082.5564825473,117.91,3089.0100000000007,6993.546482547299,192.46749450710573,7641.816596463238,4552.806596463238,31.7192816623966,1620.2539607306903,57.5590284,1182.91477928,437.3391814506904,166.59926801366464,4287.118580187889,3104.203800907891,73.24974999999999,2179.8731368999997,83.18,3633.799999999999,-1453.9268630999995,164.0842763732285,4929.36804881324,1302.499121193608
1985,180.63906393,10263.1955453,119.25396104799998,3290.73866733,6972.4568798,180.63906393,10263.1955464773,116.88,3205.890000000001,7057.305546477299,287.0340986957798,7928.850695159018,4722.960695159018,10.36160147331202,1630.6155622040023,59.0772384,1241.99201768,388.62354452400245,143.9686935070502,4431.0872736949395,3189.0952560149412,95.678119,2275.5512558999994,87.4,3721.199999999999,-1445.6487440999997,175.9681188835523,5105.3361676967925,1396.101456278136
1986,115.301530159,10378.4970743,123.816405052,3414.5550722599996,6963.9420057,115.301530159,10378.4970766363,122.65,3328.540000000001,7049.9570766363,765.1647586076391,8694.015453766657,5365.475453766657,19.395423383148287,1650.0109855871506,60.605226,1302.5972436799998,347.4137419071508,289.800544158786,4720.887817853725,3418.2905741737272,67.01983988227738,2342.5710957822766,89.47,3810.669999999999,-1468.098904217722,188.05086069792608,5293.387028394719,1500.6797378942708
1987,93.778577835,10472.2756561,125.644146771,3540.19921897,6932.076435299999,93.778577835,10472.2756544713,122.93,3451.4700000000007,7020.8056544713,315.20012422535336,9009.21557799201,5557.74557799201,74.65114483459308,1724.6621304217438,63.6428808,1366.2401244799998,358.4220059417439,160.71714202986226,4881.604959883587,3515.3648354035895,88.1969,2430.767995782277,91.16,3901.829999999999,-1471.062004217722,211.86523565119305,5505.252264045912,1622.2660818409238
1988,83.78577859399999,10556.0614314,129.133678184,3669.33289691,6886.728535099999,83.78577859399999,10556.0614330653,128.19,3579.6600000000008,6976.4014330653,667.3386856440234,9676.554263636033,6096.894263636033,75.99407266429688,1800.6562030860407,66.4479648,1432.6880892799998,367.96811380604095,218.00564241707238,5099.61060230066,3666.922513020662,35.10324289340753,2465.8712386756843,93.37,3995.1999999999994,-1529.3287613243142,227.5029164747719,5732.755180520684,1765.828731179321
1989,110.68946893799999,10666.7509029,131.567113913,3800.90001125,6865.8508886,110.689468938,10666.7509020033,129.73,3709.390000000001,6957.3609020033,133.9013847854644,9810.455648421497,6101.065648421498,86.82816320359956,1887.4843662896403,68.7491784,1501.43726768,386.0470986096405,483.2761644252329,5582.886766725893,4081.4494990458948,127.8408,2593.712038675684,95.02,4090.2199999999984,-1496.5079613243142,260.9645880258217,5993.719768546505,1939.1628222264226
1990,103.00270027699999,10769.7535997,132.886609488,3933.78662086,6835.9669825,103.002700277,10769.7536022803,132.22,3841.6100000000006,6928.143602280301,136.67993278639162,9947.13558120789,6105.525581207889,45.21090616271557,1932.695272452356,70.9097976,1572.34706528,360.34820717235607,183.10888941441698,5765.99565614031,4193.648590860312,82.59656000000001,2676.308598675684,94.84,4185.059999999999,-1508.7514013243144,293.28964584227214,6287.009414388777,2150.563870946261
1991,67.643564351,10837.397164599999,133.08041027,4066.8670311299998,6770.5301352999995,67.643564351,10837.3971666313,131.86,3973.4700000000007,6863.9271666313,570.7202858336444,10517.855867041533,6544.385867041534,16.395686632940613,1949.0909590852968,71.854884,1644.20194928,304.8890098052966,295.8180348064076,6061.8136909467175,4417.611741666719,194.20990000000003,2870.518498675684,92.26,4277.319999999999,-1406.8015013243148,339.6980692414512,6626.707483630228,2402.611749093446
1992,105.69306928699999,10943.0902359,132.85603537299997,4199.72306632,6743.367170799999,105.693069287,10943.0902359183,133.77,4107.240000000001,6835.850235918299,158.21199266407487,10676.067859705608,6568.827859705609,24.91495708887726,1974.0059161741735,72.0660312,1716.26798048,257.73793569417376,176.40415720060628,6238.217848147324,4521.949867667326,68.21723894049657,2938.7357376161804,92.06,4369.379999999999,-1430.6442623838188,403.100024014875,7029.807507645103,2690.2973851578295
1993,71.10261028199999,11014.192848499999,133.079096452,4332.80216265,6681.3906828,71.10261028199999,11014.1928462003,133.58,4240.820000000001,6773.372846200299,130.45862921856232,10806.526488924172,6565.706488924171,18.002525942688774,1992.0084421168624,72.8866692,1789.15464968,202.8537924368627,118.30586414939975,6356.523712296724,4567.369062616725,114.38675,3053.1224876161805,89.29,4458.669999999999,-1405.547512383819,426.65706361150774,7456.464571256611,3006.733788075405
1994,62.26282626999999,11076.4556705,134.704873759,4467.50703647,6608.948638299999,62.26282626999999,11076.4556724703,135.43,4376.250000000001,6700.205672470299,219.6878429296109,11026.214331853782,6649.964331853782,29.88470716430493,2021.893149281168,73.953072,1863.10772168,158.7854276011676,105.07238802940331,6461.596100326127,4598.488378646129,55.22809,3108.3505776161805,91.34,4550.009999999999,-1441.6594223838188,435.4733776118125,7891.9379488684235,3342.180135303902
1995,68.412241211,11144.867914699998,137.18370416300002,4604.69074045,6540.1771712,68.412241211,11144.8679136813,137.29,4513.540000000001,6631.327913681298,189.42303801966685,11215.63736987345,6702.097369873449,13.48865880477417,2035.3818080859417,75.1806072,1938.28832888,97.09347920594178,85.40475854214407,6547.000858868271,4608.712529988273,57.43795000000001,3165.7885276161805,94.13,4644.139999999999,-1478.3514723838189,436.33348010823113,8328.271428976655,3690.1174799667147
1996,72.255625572,11217.123537099998,140.63598446199998,4745.32672479,6471.7968117,72.255625572,11217.123539253298,140.94,4654.4800000000005,6562.643539253298,278.4921346896803,11494.12950456313,6839.649504563129,44.21208751917542,2079.5938956051173,78.839874,2017.12820288,62.46569272511738,204.65287482395684,6751.653733692228,4734.52553081223,76.77314,3242.5616676161803,95.4,4739.539999999999,-1496.9783323838187,437.8877907960571,8766.159219772713,4051.4000892609683
1997,69.565256501,11286.688797199999,144.82215984799998,4890.148884759999,6396.5399099999995,69.565256501,11286.6887957543,144.08,4798.56,6488.128795754298,314.44685429897356,11808.576358862105,7010.016358862103,26.750711177733365,2106.344606782851,78.7787028,2095.90690568,10.437701102850951,183.2609119043052,6934.914645596534,4839.007739916535,88.99849,3331.5601576161803,96.8,4836.339999999999,-1504.779842383819,470.2950111864517,9236.454230959165,4437.248448295846
1998,88.397839754,11375.086636099999,146.765416657,5036.9143016,6338.172334499999,88.397839754,11375.086635508298,147.72,4946.280000000001,6428.806635508297,199.23024840089667,12007.806607263,7061.526607262999,64.46470599997353,2170.809312782824,80.8644024,2176.77130808,-5.96199529717569,215.6544338427043,7150.569079439238,4973.797771359239,92.87528,3424.4354376161805,95.06,4931.4,-1506.9645623838192,499.15338676871505,9735.607617727881,4852.665352803274
1999,153.735373525,11528.822008099998,145.451307687,5182.36560947,6346.456396799999,153.735373525,11528.822009033298,144.38,5090.660000000001,6438.162009033297,892.4630617189549,12900.269668981955,7809.609668981954,22.578647599843837,2193.387960382668,83.1699072,2259.94121528,-66.55325489733195,213.91877154136807,7364.487850980606,5104.546635700607,106.7459,3531.1813376161804,95.09,5026.49,-1495.3086623838194,562.0521263149341,10297.659744042816,5299.020435628115
2000,213.69216921499998,11742.5141764,149.646086696,5332.0116958,6410.502480599999,213.692169215,11742.5141782483,150.64,5241.300000000001,6501.214178248298,276.6671934312586,13176.936862413213,7935.636862413213,42.588934026531696,2235.9768944092,86.4258048,2346.36702008,-110.39012567080044,323.37674616388705,7687.864597144493,5341.497577064494,129.820097,3661.00143461618,96.49,5122.98,-1461.9785653838194,586.5362074709767,10884.195951513793,5775.8992572695215
2001,121.4509451,11863.9651215,149.245165416,5481.2568614599995,6382.708263699999,121.4509451,11863.965123348298,150.63,5391.930000000001,6472.035123348297,188.9363469159788,13365.873209329191,7973.943209329192,13.953350130786005,2249.930244539986,88.467048,2434.83406808,-184.9038235400144,648.0094109911938,8335.874008135686,5901.039940055688,175.92602,3836.92745461618,100.58,5223.56,-1386.6325453838194,597.758682383123,11481.954633896916,6274.243033199721
2002,81.479747953,11945.4448711,147.51979963099998,5628.77666103,6316.6682119,81.479747953,11945.4448713013,148.81,5540.740000000002,6404.704871301297,453.0353339877325,13818.908543316924,8278.168543316924,20.945908777552035,2270.876153317538,90.5304168,2525.36448488,-254.488331562462,145.40267984134584,8481.276687977032,5955.912203097034,156.83774,3993.76519461618,101.79,5325.349999999999,-1331.5848053838197,627.9037052692829,12109.8583391662,6784.9349306475515
2003,49.195319534099994,11994.6401938,151.001731542,5779.77839245,6214.8617982999995,49.1953195341,11994.640190835398,155.42,5696.160000000002,6298.480190835397,162.9538767800167,13981.86242009694,8285.70242009694,13.044892819378308,2283.921046136916,93.7687428,2619.13322768,-335.2121815430837,120.13456376783422,8601.411251744867,5982.278024064868,134.52209858732877,4128.287293203509,109.26,5434.61,-1306.3227067964908,620.6781582126804,12730.53649737888,7305.808021955061
2004,63.03150313,12057.671695099998,155.53539769799997,5935.313790269999,6122.357902999999,63.03150313,12057.671693965398,163.21,5859.370000000002,6198.301693965396,205.64840118649315,14187.510821283433,8328.140821283434,22.954958985509123,2306.8760051224253,96.9569244,2716.09015208,-409.2141469575745,113.94578751337902,8715.357039258246,5999.266887178247,184.73467725,4313.021970453508,118.7,5553.31,-1240.288029546491,647.4027339030882,13377.93923128197,7833.610583762817
2005,55.7290729051,12113.4007644,159.80996129099998,6095.123751499999,6018.27701534,55.7290729051,12113.400766870498,164.6,6023.970000000002,6089.430766870496,208.67242601354482,14396.183247296978,8372.213247296979,13.641526571307928,2320.5175316937334,99.2796624,2815.36981448,-494.8522827862666,36.31179983980178,8751.668839098047,5936.299024618049,194.282096,4507.304066453508,126.17,5679.48,-1172.1759335464913,667.1221767693676,14045.061408051337,8354.833277287802
2006,139.51485149299998,12252.9156212,159.328407954,6254.4521586,5998.46345894,139.51485149299998,12252.9156183635,166.07,6190.040000000002,6062.875618363497,231.7775005490842,14627.960747846062,8437.920747846063,38.579185132648696,2359.096716826382,102.665376,2918.03519048,-558.9384736536181,175.89803596665666,8927.566875064704,6009.5316845847055,280.407649,4787.711715453508,132.54,5812.02,-1024.3082845464914,664.3660348843621,14709.4274429357,8863.197074231277
2007,103.00270027699999,12355.918317999998,160.843408956,6415.295567799999,5940.622750199999,103.002700277,12355.9183186405,165.73,6355.770000000001,6000.148318640498,379.59530781569856,15007.55605566176,8651.786055661762,17.98739577289416,2377.084112599276,105.4031256,3023.43831608,-646.3542034807238,391.28614975959334,9318.853024824297,6295.414708744299,236.462465,5024.174180453508,138.39,5950.41,-926.2358195464922,631.6043638554315,15341.03180679113,9345.801436513513
2008,182.94509451,12538.8634119,160.90412683099999,6576.1996964,5962.6637179399995,182.94509451,12538.8634131505,167.49,6523.260000000001,6015.6034131504975,597.965014763937,15605.521070425697,9082.261070425699,17.378149011626633,2394.4622616109027,109.261116,3132.69943208,-738.2371704690972,236.5594096603794,9555.412434484677,6422.713002404678,363.7308852230309,5387.9050656765385,142.94,6093.349999999999,-705.444934323461,590.0636753051201,15931.09548209625,9788.301205794753
2009,114.14851486899998,12653.011925,158.612591193,6734.812286799999,5918.199641859999,114.14851486899998,12653.0119280195,163.32,6686.580000000001,5966.431928019499,415.82053344912157,16021.341603874818,9334.76160387482,58.56367436381855,2453.025935974721,105.8724756,3238.57190768,-785.545971705279,222.53303192811822,9777.945466412795,6539.3735587327965,378.95337,5766.858435676539,142.73,6236.079999999999,-469.2215643234604,542.6355605968897,16473.73104269314,10180.482536369842
2010,155.272727245,12808.2846556,160.900640864,6895.712926199999,5912.57172818,155.272727245,12808.2846552645,166.55,6853.130000000001,5955.154655264498,816.7970467884995,16838.138650663317,9985.00865066332,43.36889111201109,2496.394827086732,113.4075456,3351.97945328,-855.5846261932679,537.7440724454518,10315.689538858247,6963.710085578248,484.129227,6250.987662676539,150.39,6386.469999999999,-135.48233732346034,490.819211764401,16964.55025445754,10519.401674514924
2011,89.935193535,12898.219846999998,161.418537391,7057.1314617,5841.08838408,89.935193535,12898.2198487995,167.84,7020.970000000001,5877.249848799498,395.81527990226266,17233.953930565578,10212.983930565582,13.91445274126426,2510.3092798279963,117.272232,3469.25168528,-958.9424054520036,193.84613995828997,10509.535678816537,7040.283993536538,637.3088155436643,6888.296478220203,161.06,6547.53,340.7664782202037,441.29384135361136,17405.84409581115,10804.820329329617
2012,67.259225921,12965.4790753,163.738316944,7220.8697845,5744.60929324,67.259225921,12965.4790747205,172.52,7193.490000000002,5771.989074720497,229.2931005318292,17463.247031097406,10269.757031097412,19.79574343398618,2530.1050232619823,119.7427788,3588.99446408,-1058.8894408180176,76.23322810725722,10585.768906923795,6996.774442843795,366.62359375,7254.920071970203,162.75,6710.28,544.6400719702033,389.65340170537894,17795.497497516528,11138.720908143821
2013,61.49414941,13026.973224099998,163.709876975,7384.5796569,5642.39356537,61.49414941,13026.9732241305,172.75,7366.240000000002,5660.733224130498,223.5515835154347,17686.79861461284,10320.558614612846,15.192030669479797,2545.297053931462,121.164984,3710.15944808,-1164.862394148538,140.65458927709096,10726.423496200885,7016.264048120886,281.657962,7536.578033970203,165.37,6875.65,660.9280339702036,344.99125865319553,18140.488756169725,11520.946940085312
2014,44.5832583253,13071.556483199998,167.044070485,7551.6237283,5519.932753069999,44.5832583253,13071.5564824558,176.81,7543.050000000002,5528.506482455797,192.320108166769,17879.118722779607,10336.068722779615,13.03370202837909,2558.330755959841,123.6816576,3833.84110568,-1275.510349720159,195.80143185484292,10922.224928055728,7088.383822375729,230.19779,7766.775823970203,164.96,7040.61,726.1658239702037,807.2751805944322,18947.763936764157,11952.773914444551
2015,27.672367234499998,13099.2288526,172.423150586,7724.046877299999,5375.18196981,27.6723672345,13099.228849690298,182.74,7725.790000000002,5373.438849690297,118.47968844374395,17997.598411223353,10271.80841122336,8.944022635090517,2567.274778594932,126.282204,3960.12330968,-1392.8485310850683,50.0825602564163,10972.307488312144,7012.184178632146,243.042114,8009.817937970203,160.37,7200.98,808.8379379702037,742.4264774008435,19690.190414165,12431.610624920291
2016,27.672367234499998,13126.9012159,172.114469663,7896.1613480000005,5230.73986729,27.6723672345,13126.901216924798,183.26,7909.050000000002,5217.851216924796,222.16800466516884,18219.76641588852,10310.716415888528,3.1270083374182573,2570.40178693235,127.6010424,4087.72435208,-1517.32256514765,218.26217366086473,11190.56966197301,7102.84530989301,472.765773,8482.583710970202,151.58,7352.559999999999,1130.023710970203,679.8185534423403,20370.00896760734,12953.920342159146
2017,38.049504948199996,13164.950722299998,172.73861379399997,8068.899964599999,5096.05075892,38.0495049482,13164.950721872998,183.59,8092.640000000002,5072.310721872996,414.71856250155895,18634.48497839008,10541.844978390087,17.70241293165277,2588.104199864003,132.187428,4219.91178008,-1631.8075802159974,298.29995128360116,11488.869613256611,7268.9578331766115,467.6672945873288,8950.251005557531,155.01,7507.57,1442.6810055575315,616.9620822878961,20986.971049895237,13415.35660086151
2018,33.8217821755,13198.7725017,175.614622823,8244.5145848,4954.25791812,33.8217821755,13198.772504048498,187.89,8280.530000000002,4918.242504048496,236.52354283169973,18871.00852122178,10590.478521221787,6.488321170774347,2594.5925210347773,138.80952,4358.72130008,-1764.128779045223,186.2360845243513,11675.105697780962,7316.384397700963,728.9265756201308,9679.177581177662,162.3,7669.87,2009.3075811776623,559.2862924687507,21546.257342363988,13819.221652418753
2019,18.44823,13217.2207317,175.47632118299998,8419.9909058,4797.22982712,18.44823,13217.220734048498,187.53,8468.060000000003,4749.160734048495,179.39575452169564,19050.404275743473,10582.344275743482,17.391986710277244,2611.9845077450545,142.8635232,4501.58482328,-1889.6003155349451,189.84594997342296,11864.951647754386,7363.366824474386,486.2395803809931,10165.417161558657,163.95,7833.82,2331.597161558655,501.89788791200107,22048.15523027599,14165.686652525503
2020,76.25,13293.4707317,178.73033424657513,8598.721240046574,4694.749491653425,76.25,13293.470734048498,174.82,8642.880000000003,4650.590734048496,159.9093939867892,19210.31366973026,10567.433669730272,20.167456486871767,2632.1519642319263,138.9816,4640.56642328,-2008.4144590480737,54.08732511011195,11919.038972864497,7278.472549584498,409.46155694920594,10574.87871850786,156.22,7990.04,2584.83871850786,450.42044167522886,22498.575671951217,14456.274631300908
2021,28.669999999999998,13322.140731699998,180.329628904109,8779.050868950682,4543.089862749315,28.67,13322.140734048498,177.09,8819.970000000003,4502.170734048495,177.09,19387.40366973026,10567.433669730272,3.2197231526790144,2635.371687384605,145.9231308,4786.48955408,-2151.1178666953947,145.9231308,12064.962103664497,7278.472549584498,561.6865555873287,11136.565274095188,162.5,8152.54,2984.0252740951883,403.7382961898643,22902.313968141083,14731.047792768057
2022,122.0,13444.140731699998,181.9289235616444,8960.979792512328,4483.160939187671,122.0,13444.140734048498,184.52,9004.490000000003,4439.650734048495,184.52,19571.923669730262,10567.433669730272,8.65080796772211,2644.022495352327,145.577376,4932.06693008,-2288.044434727673,145.577376,12210.539479664496,7278.472549584498,314.554531142198,11451.119805237386,174.56,8327.1,3124.0198052373853,357.1269756311909,23259.440943772275,14994.060986775443
2023,18.299999999999997,13462.440731699999,188.0289235616442,9149.008716073971,4313.432015626026,18.3,13462.440734048498,0.0,9004.490000000003,4457.950734048494,0.0,19571.923669730262,10567.433669730272,6.458879330579592,2650.481374682907,0.0,4932.06693008,-2281.585555397093,0.0,12210.539479664496,7278.472549584498,560.99576,12012.115565237384,0.0,8327.1,3685.015565237385,317.9122059274479,23577.353149699724,15246.895448529083
2024,18.299999999999997,13480.740731699998,194.1289235616442,9343.137639635615,4137.6030920643825,18.3,13480.740734048495,0.0,9004.490000000003,4476.2507340484935,0.0,19571.923669730262,10567.433669730272,1.5329385902560322,2652.0143132731628,0.0,4932.06693008,-2280.052616806837,0.0,12210.539479664496,7278.472549584498,534.381875,12546.497440237385,0.0,8327.1,4219.397440237384,279.1480506131884,23856.501200312912,15493.652708427157
2025,,,,,,,,,,,0.0,19571.923669730262,10567.433669730272,0.0367999130433755,2652.0511131862063,0.0,4932.06693008,-2280.0158168937937,0.0,12210.539479664496,7278.472549584498,387.7066713827055,12934.20411162009,0.0,8327.1,4607.10411162009,243.30678040651102,24099.807980719423,15740.290878007023
2026,,,,,,,,,,,0.0,19571.923669730262,10567.433669730272,,,,,,0.0,12210.539479664496,7278.472549584498,189.8382324657534,13124.042344085845,0.0,8327.1,4796.9423440858445,210.85228691203193,24310.660267631454,15954.27742578369
2027,,,,,,,,,,,0.0,19571.923669730262,10567.433669730272,,,,,,0.0,12210.539479664496,7278.472549584498,114.12432203965852,13238.166666125504,0.0,8327.1,4911.066666125504,181.9715240401438,24492.6317916716,16138.05061497794
2028,,,,,,,,,,,0.0,19571.923669730262,10567.433669730272,,,,,,0.0,12210.539479664496,7278.472549584498,71.612,13309.778666125503,0.0,8327.1,4982.678666125503,154.65409691146257,24647.28588858306,16293.629653037666
2029,,,,,,,,,,,0.0,19571.923669730262,10567.433669730272,,,,,,0.0,12210.539479664496,7278.472549584498,21.2051,13330.983766125502,0.0,8327.1,5003.883766125502,128.08125770110186,24775.367146284163,16422.367483637332
2030,,,,,,,,,,,0.0,19571.923669730262,10567.433669730272,,,,,,0.0,12210.539479664496,7278.472549584498,17.2601,13348.243866125502,0.0,8327.1,5021.1438661255015,102.3360247338979,24877.70317101806,16524.96276188806
2031,,,,,,,,,,,0.0,19571.923669730262,10567.433669730272,,,,,,0.0,12210.539479664496,7278.472549584498,0.022125,13348.2659911255,0.0,8327.1,5021.165991125501,76.64624961170996,24954.34942062977,16606.831431240105
2032,,,,,,,,,,,0.0,19571.923669730262,10567.433669730272,,,,,,0.0,12210.539479664496,7278.472549584498,8.651201910786996,13356.917193036288,0.0,8327.1,5029.817193036288,51.25876229547182,25005.60818292524,16663.205802070755
2033,,,,,,,,,,,0.0,19571.923669730262,10567.433669730272,,,,,,0.0,12210.539479664496,7278.472549584498,3605.356154396162,16962.27334743245,0.0,8327.1,8635.173347432448,51.02105241805609,25056.629235343295,16699.2013671686
2034,,,,,,,,,,,0.0,19571.923669730262,10567.433669730272,,,,,,0.0,12210.539479664496,7278.472549584498,8.047,16970.320347432447,0.0,8327.1,8643.220347432447,0.60976509413082,25057.239000437425,16719.922689054223
2035,,,,,,,,,,,0.0,19571.923669730262,10567.433669730272,,,,,,0.0,12210.539479664496,7278.472549584498,2.08,16972.40034743245,0.0,8327.1,8645.300347432449,0.4419960698542822,25057.68099650728,16730.43293207611
2038,,,,,,,,,,,0.0,19571.923669730262,10567.433669730272,,,,,,0.0,12210.539479664496,7278.472549584498,3.864,16976.26434743245,0.0,8327.1,8649.16434743245,0.27503355059764,25057.956030057878,16730.763084662158
2039,,,,,,,,,,,0.0,19571.923669730262,10567.433669730272,,,,,,0.0,12210.539479664496,7278.472549584498,1.481,16977.74534743245,0.0,8327.1,8650.64534743245,0.203367976786634,25058.159398034666,16730.97508883538
2043,,,,,,,,,,,0.0,19571.923669730262,10567.433669730272,,,,,,0.0,12210.539479664496,7278.472549584498,1.1394682970578864,16978.884815729507,0.0,8327.1,8651.784815729507,0.12060023887285294,25058.279998273538,16731.11218896317
2053,,,,,,,,,,,0.0,19571.923669730262,10567.433669730272,,,,,,0.0,12210.539479664496,7278.472549584498,1.357,16980.241815729507,0.0,8327.1,8653.141815729507,0.019023030017026727,25058.299021303555,16731.17622868949
2078,,,,,,,,,,,0.0,19571.923669730262,10567.433669730272,,,,,,0.0,12210.539479664496,7278.472549584498,4.813361403426924,16985.055177132934,0.0,8327.1,8657.955177132933,0.06747584263831118,25058.366497146195,16731.215172241096
