Year,Oil_Discoveries_Fixed,Oil_Cumulative_Discoveries_Fixed,Oil_Production_Fixed,Oil_Cumulative_Production_Fixed,Oil_Reserves_Fixed,Gas_Discoveries_Fixed,Gas_Cumulative_Discoveries_Fixed,Gas_Production_Fixed,Gas_Cumulative_Production_Fixed,Gas_Reserves_Fixed,Coal_Discoveries_Fixed,Coal_Cumulative_Discoveries_Fixed,Coal_Production_Fixed,Coal_Cumulative_Production_Fixed,Coal_Reserves_Fixed,Oil_Discoveries,Oil_Cumulative_Discoveries,Oil_Production,Oil_Cumulative_Production,Oil_Reserves,Gas_Discoveries,Gas_Cumulative_Discoveries,Gas_Production,Gas_Cumulative_Production,Gas_Reserves,Coal_Discoveries,Coal_Cumulative_Discoveries,Coal_Production,Coal_Cumulative_Production,Coal_Reserves
1900,7.600081582800382e-15,7.600081582800382e-15,0.0,0.0,7.600081582800382e-15,0.0,0.0,0.0,0.0,0.0,0.0010345384589686,0.0010345384589686,19.26,19.26,-19.258965461541035,0.0,0.0,0.85,0.85,-0.85,0.0,1.99938,0.265825512,0.265825512,1.7335544880000002,0.0,12.62327,19.26,19.26,-6.636730000000002
1901,2.296999534018714,2.2969995340187217,0.0,0.0,2.2969995340187217,0.2772906676777989,0.2772906676777989,0.0,0.0,0.2772906676777989,0.0016191024969884,0.0026536409559571,19.61,38.870000000000005,-38.86734635904405,29.97845,29.97845,0.95,1.7999999999999998,28.17845,0.51032,2.5097,0.29458103,0.560406542,1.949293458,0.0,12.62327,19.61,38.870000000000005,-26.246730000000007
1902,0.4190029217971497,2.7160024558158717,0.0,0.0,2.7160024558158717,0.0692999840477266,0.3465906517255255,0.0,0.0,0.3465906517255255,3.791116437481631,3.793770078437588,20.08,58.95,-55.156229921562414,7.6867686793,37.6652186793,1.03,2.83,34.8352186793,0.12758,2.63728,0.323336534,0.883743076,1.753536924,3.7886,16.41187,20.08,58.95,-42.53813
1903,7.600072098554274e-15,2.716002455815879,0.0,0.0,2.716002455815879,0.0,0.3465906517255255,0.0,0.0,0.3465906517255255,28.249004024976287,32.04277410341388,21.91,80.86,-48.81722589658612,1.5373537382999998,39.2025724176,1.1,3.93,35.2725724176,0.0,2.63728,0.352092042,1.235835118,1.401444882,28.24512,44.65699,21.91,80.86,-36.20301
1904,7.600065208760157e-15,2.7160024558158864,0.0,0.0,2.7160024558158864,18.380919024729383,18.727509676454908,0.0,0.0,18.727509676454908,4.862953357313501,36.90572746072738,22.03,102.89,-65.98427253927262,13.8361836203,53.0387560379,1.23,5.16,47.87875603789999,0.0,2.63728,0.380847546,1.616682664,1.020597336,4.857,49.51399,22.03,102.89,-53.37601
1905,12.325114889895149,15.041117345711031,0.0,0.0,15.041117345711031,0.0692279140868434,18.796737590541756,0.0,0.0,18.796737590541756,0.0918620394873894,36.997589500214765,23.75,126.64,-89.64241049978523,13.8361836203,66.87493965819999,1.21,6.37,60.5049396582,0.12758,2.76486,0.40960305,2.026285714,0.738574286,0.0828,49.59679,23.75,126.64,-77.04321
1906,0.4186596281015609,15.459776973812597,0.0,0.0,15.459776973812597,0.0692024849457301,18.865940075487483,0.0,0.0,18.865940075487483,0.0136985316514142,37.01128803186618,25.08,151.72,-114.70871196813384,3.8433843366,70.71832399479999,1.21,7.58,63.13832399479999,0.12758,2.89244,0.438358558,2.464644272,0.427795728,0.0,49.59679,25.08,151.72,-102.12321
1907,7.600016567334814e-15,15.459776973812602,0.0,0.0,15.459776973812602,0.0,18.865940075487483,0.0,0.0,18.865940075487483,1.4163639316082794,38.42765196347446,27.74,179.46,-141.03234803652555,3.8433843366,74.56170833139998,1.49,9.07,65.49170833139999,0.0,2.89244,0.46711404,2.9317583120000004,-0.0393183120000002,1.3958,50.99259,27.74,179.46,-128.46741
1908,7.599982966224356e-15,15.459776973812607,0.0,0.0,15.459776973812607,0.5681462376800999,19.434086313167583,0.0,0.0,19.434086313167583,0.989456484432484,39.41710844790694,26.36,205.82,-166.40289155209305,3.8433843366,78.40509266799998,1.61,10.68,67.72509266799997,0.12758,3.02002,0.49586958,3.4276278920000003,-0.4076078920000001,0.9588,51.95139,26.36,205.82,-153.86861
1909,0.6196185613955242,16.079395535208132,0.0,0.0,16.079395535208132,0.0,19.434086313167583,0.0,0.0,19.434086313167583,0.0453860738662115,39.46249452177315,27.55,233.37,-193.90750547822685,11.530153015899998,89.93524568389998,1.7,12.38,77.55524568389998,0.0,3.02002,0.524625084,3.952252976000001,-0.9322329760000004,0.0,51.95139,27.55,233.37,-181.41861
1910,7.599862866630448e-15,16.07939553520814,0.0,0.0,16.07939553520814,0.9937630470069254,20.42784936017451,0.0,0.0,20.42784936017451,0.0667278216172633,39.529222343390416,29.02,262.39,-222.8607776566096,17.679567956899998,107.61481364079998,1.85,14.23,93.38481364079998,0.0,3.02002,0.5673204,4.519573376,-1.4995533760000002,0.0,51.95139,29.02,262.39,-210.43861
1911,1.85792470873065,17.93732024393879,0.0,0.0,17.93732024393879,0.2071915416834897,20.635040901858,0.0,0.0,20.635040901858,0.0974261060392791,39.626648449429695,29.54,291.93,-252.3033515505703,16.1422142186,123.75702785939998,1.95,16.18,107.57702785939998,0.0913901045037345,3.111410104503735,0.597475188,5.117048564,-2.0056384594962653,0.0,51.95139,29.54,291.93,-239.97861
1912,1.8574354228944732,19.79475566683326,0.0,0.0,19.79475566683326,16.38861532066497,37.02365622252297,0.0,0.0,37.02365622252297,5.164662799474475,44.79131124890417,31.0,322.93,-278.13868875109586,12.298829881999998,136.0558577414,1.99,18.17,117.8858577414,5.1854612970724725,8.296871401576208,0.627629976,5.74467854,2.5521928615762084,5.0234,56.97479,31.0,322.93,-265.95521
1913,7.599407692714008e-15,19.794755666833268,0.0,0.0,19.794755666833268,0.4006794565576,37.42433567908057,0.0,0.0,37.42433567908057,2.881406271203221,47.67271752010739,33.22,356.15,-308.4772824798926,9.2241224115,145.27998015289998,2.19,20.36,124.91998015289998,0.3467042732937802,8.643575674869988,0.657784764,6.402463303999999,2.2411123708699883,2.678,59.65279,33.22,356.15,-296.49721
1914,1.856406535895162,21.65116220272843,0.0,0.0,21.65116220272843,1.8088874398123305,39.2332231188929,0.0,0.0,39.2332231188929,0.2908606259749149,47.96357814608231,29.81,385.96,-337.9964218539177,13.8361836203,159.1161637732,2.26,22.62,136.49616377319998,1.4782071976788551,10.121782872548843,0.687939516,7.09040282,3.031380052548844,0.0,59.65279,29.81,385.96,-326.30721
1915,0.6186219304728029,22.26978413320123,0.0,0.0,22.26978413320123,1.6701494316491694,40.90337255054207,0.0,0.0,40.90337255054207,0.4318376075848403,48.395415753667145,29.34,415.3,-366.9045842463328,12.298829881999998,171.4149936552,2.42,25.04,146.3749936552,1.4172804613430323,11.539063333891876,0.718094304,7.808497124,3.730566209891877,0.0187999999999999,59.67159,29.34,415.3,-355.62841
1916,8.657691276126103,30.927475409327336,0.0,0.0,30.927475409327336,8.359965193309812,49.263337743851885,0.0,0.0,49.263337743851885,0.5824763876171346,48.97789214128428,31.47,446.77,-397.7921078587157,18.448244823,189.8632384782,2.6,27.64,162.22323847820002,6.92247824242885,18.461541576320727,0.748249128,8.556746252,9.904795324320729,0.0,59.67159,31.47,446.77,-387.09841
1917,0.6182428984762612,31.5457183078036,0.0,0.0,31.5457183078036,2.062523590012068,51.32586133386396,0.0,0.0,51.32586133386396,7.660538798544203,56.63843093982848,32.77,479.54,-422.9015690601715,11.530153015899998,201.3933914941,2.87,30.51,170.8833914941,0.0304633681679115,18.49200494448864,0.778403916,9.335150168,9.156854776488638,6.8448,66.51639,32.77,479.54,-413.02361
1918,3.528350960585616,35.07406926838921,0.0,0.0,35.07406926838921,0.5223447054265526,51.84820603929051,0.0,0.0,51.84820603929051,2.2385090882748537,58.87694002810333,32.19,511.73,-452.85305997189664,9.6084608476,211.0018523417,2.85,33.36,177.64185234169997,0.4218301045037346,18.91383504899237,0.808558704,10.143708872,8.770126176992372,1.104,67.62039,32.19,511.73,-444.10961
1919,1.85351320905847,36.92758247744768,0.0,0.0,36.92758247744768,0.2063892115856531,52.05459525087616,0.0,0.0,52.05459525087616,2.256927511190101,61.13386753929343,27.3,539.03,-477.89613246070655,16.9108910908,227.9127434325,3.25,36.61,191.3027434325,0.0913901045037345,19.005225153496102,0.838713492,10.982422364,8.022802789496106,0.69,68.31039,27.3,539.03,-470.71961
1920,0.3074467607831906,37.23502923823087,0.0,0.0,37.23502923823087,2.2420777792596263,54.296673030135786,0.0,0.0,54.296673030135786,9.242685482294682,70.37655302158811,31.29,570.3199999999999,-499.9434469784118,20.7542754274,248.6670188599,4.16,40.77,207.8970188599,2.098694530195201,21.103919683691306,0.86886828,11.851290644,9.252629039691309,7.093500000000001,75.40389,31.29,570.3199999999999,-494.91611
1921,1.330814074077452,38.56584331230832,0.0,0.0,38.56584331230832,0.1374388654145037,54.43411189555029,0.0,0.0,54.43411189555029,2.92740598836906,73.30395900995717,26.13,596.4499999999999,-523.1460409900428,14.604860486399998,263.27187934629995,4.5,45.27,218.0018793463,0.0689403607362441,21.17286004442755,0.899023032,12.750313676,8.422546368427552,0.0,75.40389,26.13,596.4499999999999,-521.0461099999999
1922,3.990970333551486,42.55681364585981,0.0,0.0,42.55681364585981,1.7739630040447565,56.20807489959505,0.0,0.0,56.20807489959505,4.133725806440108,77.43768481639728,27.58,624.03,-546.5923151836028,15.7578757886,279.0297551349,5.03,50.3,228.7297551349,1.1533028942868129,22.326162938714365,0.95971014,13.710023816,8.616139122714365,0.1739,75.57779000000001,27.58,624.03,-548.4522099999999
1923,0.6649080925061254,43.221721738365936,0.0,0.0,43.221721738365936,0.2826233452864955,56.49069824488154,0.0,0.0,56.49069824488154,5.319285154737869,82.75696997113515,32.12,656.15,-573.3930300288648,21.5229522935,300.5527074284,5.94,56.24,244.3127074284,0.034470180368122,22.36063311908249,1.124447292,14.834471108,7.526162011082487,0.0,75.57779000000001,32.12,656.15,-580.5722099999999
1924,0.6646458659444132,43.88636760431035,0.0,0.0,43.88636760431035,0.0685954063044163,56.55929365118596,0.0,0.0,56.55929365118596,8.107715074420016,90.86468504555516,31.28,687.43,-596.5653149544448,10.761476149799998,311.3141835782,5.93,62.17,249.1441835782,0.034470180368122,22.395103299450607,1.289184408,16.123655516,6.271447783450608,1.0116999999999998,76.58949000000001,31.28,687.43,-610.84051
1925,3.321873755918098,47.20824136022845,0.0,0.0,47.20824136022845,3.925305973347132,60.48459962453309,0.0,0.0,60.48459962453309,9.400692618301974,100.26537766385714,31.36,718.79,-618.5246223361428,19.9855985613,331.29978213949994,6.22,68.39,262.90978213949995,3.857409056191973,26.25251235564258,1.45392156,17.577577076,8.674935279642579,0.0,76.58949000000001,31.36,718.79,-642.2005099999999
1926,0.0280713679306125,47.23631272815906,0.0,0.0,47.23631272815906,0.1267372378884088,60.611336862421496,0.0,0.0,60.611336862421496,21.117581427644367,121.3829590915015,31.22,750.01,-628.6270409084984,103.002700277,434.3024824164999,6.38,74.77,359.5324824165,0.1040003636020387,26.35651271924462,1.61865864,19.196235716,7.16027700324462,8.7498729,85.33936290000001,31.22,750.01,-664.6706371
1927,2.2843790064402056,49.52069173459927,0.0,0.0,49.52069173459927,2.782712315845193,63.39404917826669,0.0,0.0,63.39404917826669,16.15856154822518,137.54152063972668,33.64,783.65,-646.1084793602733,136.055805562,570.3582879784999,7.28,82.05,488.3082879784999,2.8661563422732814,29.2226690615179,1.783395828,20.979631544,8.243037517517902,0.0,85.33936290000001,33.64,783.65,-698.3106371
1928,3.933164899275367,53.45385663387464,0.0,0.0,53.45385663387464,131.91222096993596,195.30627014820263,0.0,0.0,195.30627014820263,21.172058333791327,158.713578973518,33.04,816.6899999999999,-657.976421026482,211.386138635,781.7444266134999,7.65,89.7,692.0444266134998,2.219605432035812,31.442274493553715,1.94813316,22.927764704,8.514509789553713,0.2068,85.54616290000001,33.04,816.6899999999999,-731.1438370999999
1929,5.907294769373376,59.361151403248016,0.0,0.0,59.361151403248016,1.085905096922306,196.39217524512495,0.0,0.0,196.39217524512495,27.01355899401301,185.727137967531,35.14,851.8299999999999,-666.1028620324689,38.4338433843,820.1782699977998,8.57,98.27,721.9082699977998,0.5789309018406104,32.021205395394325,2.0685816,24.996346304,7.024859091394326,0.0,85.54616290000001,35.14,851.8299999999999,-766.2838370999999
1930,6.734629084320001,66.09578048756802,0.0,0.0,66.09578048756802,2.0345071325712154,198.42668237769615,0.0,0.0,198.42668237769615,43.20586736064611,228.9330053281771,32.11,883.9399999999999,-655.0069946718229,121.4509451,941.6292150977998,8.18,106.45000000000002,835.1792150977998,0.823255608937817,32.84446100433214,2.168638344,27.164984648,5.679476356332138,8.64,94.1861629,32.11,883.9399999999999,-789.7538370999999
1931,1.3620087554133409,67.45778924298136,0.0,0.0,67.45778924298136,0.2017117710146729,198.62839414871087,0.0,0.0,198.62839414871087,44.613524230579344,273.54652955875645,28.32,912.26,-638.7134704412435,18.063906393,959.6931214908,7.91,114.36,845.3331214907998,0.0513751217875634,32.895836126119704,2.2716864,29.436671048,3.459165078119703,0.69,94.8761629,28.32,912.26,-817.3838370999999
1932,6.864295129837627,74.32208437281899,0.0,0.0,74.32208437281899,4.982751198652406,203.61114534736328,0.0,0.0,203.61114534736328,57.7406241334746,331.2871536922311,25.18,937.44,-606.1528463077689,34.5904590477,994.2835805385,7.55,121.91,872.3735805384999,5.385685039176529,38.28152116529623,2.374734384,31.811405432,6.4701157332962325,2.3124,97.1885629,25.18,937.44,-840.2514371
1933,2.377711265005384,76.69979563782438,0.0,0.0,76.69979563782438,8.435756224020034,212.0469015713833,0.0,0.0,212.0469015713833,74.07624512543404,405.36339881766514,26.36,963.8,-558.4366011823348,16.1422142186,1010.4257947571,8.24,130.15,880.2757947570999,0.12758,38.40910116529624,2.47778244,34.289187872,4.119913293296236,4.614,101.8025629,26.36,963.8,-861.9974371
1934,0.9820668806817128,77.6818625185061,0.0,0.0,77.6818625185061,0.0,212.0469015713833,0.0,0.0,212.0469015713833,87.38896078917873,492.7523596068439,28.77,992.57,-499.81764039315607,26.1350135023,1036.5608082594,8.7,138.85,897.7108082593999,0.0,38.40910116529624,2.580830424,36.870018296,1.5390828692962373,0.9418,102.7443629,28.77,992.57,-889.8256370999999
1935,2.084279241762924,79.76614176026902,0.0,0.0,79.76614176026902,0.2062900352511274,212.25319160663443,0.0,0.0,212.25319160663443,124.98869838046345,617.7410579873073,30.0,1022.57,-404.8289420126927,24.597659764,1061.1584680233998,9.46,148.31,912.8484680233998,0.1395501566185023,38.54865132191474,2.68387848,39.553896776,-1.0052454540852551,18.148,120.8923629,30.0,1022.57,-901.6776371
1936,15.488913846745742,95.25505560701475,0.0,0.0,95.25505560701475,3.905504664224434,216.15869627085883,0.0,0.0,216.15869627085883,132.47762125796436,750.2186792452717,32.96,1055.53,-305.3113207547283,123.75697567999998,1184.9154437034,10.3,158.61,1026.3054437033998,6.512332468802907,45.06098379071765,2.786926464,42.34082323999999,2.720160550717658,1.3461999999999998,122.2385629,32.96,1055.53,-933.2914371
1937,8.710586810053229,103.965642417068,0.0,0.0,103.965642417068,4.103448039753533,220.2621443106124,0.0,0.0,220.2621443106124,159.94135136091413,910.1600306061858,34.63,1090.16,-179.99996939381424,65.337533771,1250.2529774743998,11.73,170.34,1079.9129774744,6.659247334765565,51.72023112548322,2.9898774,45.33070063999999,6.389530485483228,0.1104,122.3489629,34.63,1090.16,-967.8110371
1938,177.20834621998102,281.17398863704904,0.0,0.0,281.17398863704904,152.35213572196847,372.6142800325808,0.0,0.0,372.6142800325808,197.58551174888677,1107.7455423550723,32.31,1122.47,-14.724457644927496,311.31413141099995,1561.5671088853996,11.45,181.79,1379.7771088853997,3.982093493888772,55.70232461937199,3.17501388,48.50571451999999,7.196610099371995,4.122,126.4709629,32.31,1122.47,-995.9990371
1939,2.099442350516283,283.2734309875653,0.0,0.0,283.2734309875653,5.356142371839894,377.97042240442073,0.0,0.0,377.97042240442073,235.07346202038423,1342.8190043754566,34.13,1156.6,186.2190043754565,26.9036903684,1588.4707992537997,11.93,193.72,1394.7507992537996,0.2303302435751268,55.93265486294711,3.40309836,51.90881287999999,4.023841982947118,2.5208,128.9917629,34.13,1156.6,-1027.6082371000002
1940,182.24373249933424,465.5171634868996,0.0,0.0,465.5171634868996,2.0819993370583654,380.0524217414791,0.0,0.0,380.0524217414791,290.6904209815562,1633.5094253570128,37.64,1194.2400000000002,439.26942535701255,147.20162015399998,1735.6724194077997,12.31,206.03,1529.6424194077997,0.738043308989957,56.67069817193707,3.63118284,55.53999571999999,1.1307024519370756,13.0852,142.0769629,37.64,1194.2400000000002,-1052.1630371
1941,16.399719445646564,481.9168829325461,0.0,0.0,481.9168829325461,3.439385603016968,383.49180734449607,0.0,0.0,383.49180734449607,332.86521930167703,1966.3746446586897,39.02,1233.2600000000002,733.1146446586895,78.405040513,1814.0774599208,12.68,218.71,1595.3674599207995,2.278425138808913,58.94912331074598,3.85926732,59.39926304,-0.4501397292540119,3.7727,145.8496629,39.02,1233.2600000000002,-1087.4103371
1942,5.360690481775214,487.27757341432135,0.0,0.0,487.27757341432135,0.4206205432064248,383.9124278877025,0.0,0.0,383.9124278877025,388.68509567062745,2355.0597403293173,39.69,1272.9500000000005,1082.109740329317,103.771377137,1917.8488370577995,11.94,230.65,1687.1988370577994,0.1439840102827193,59.093107321028704,4.0873518,63.48661484,-4.39350751897129,1.2558,147.1054629,39.69,1272.9500000000005,-1125.8445371000005
1943,12.903875805545931,500.18144921986726,0.0,0.0,500.18144921986726,4.695136294243769,388.6075641819463,0.0,0.0,388.6075641819463,475.2632361549904,2830.322976484308,40.79,1313.7400000000002,1516.5829764843074,18.448244823,1936.2970818808,12.85,243.5,1692.7970818807996,5.969118389687322,65.06222571071602,4.31543628,67.80205111999999,-2.7398254092839665,22.312500000000004,169.4179629,40.79,1313.7400000000002,-1144.3220371000002
1944,14.259695022263134,514.4411442421303,0.0,0.0,514.4411442421303,6.578052906354063,395.1856170883003,0.0,0.0,395.1856170883003,544.8478484568712,3375.170824941179,39.16,1352.9000000000003,2022.2708249411787,52.2700270046,1988.5671088854,14.75,258.25,1730.3171088853996,6.735831962792062,71.79805767350808,4.54352076,72.34557188,-0.5475142064919112,18.9595,188.3774629,39.16,1352.9000000000003,-1164.5225371000004
1945,13.284265810519344,527.7254100526497,0.0,0.0,527.7254100526497,67.62229950191377,462.80791659021406,0.0,0.0,462.80791659021406,606.8043487545613,3981.975173695741,31.42,1384.3200000000004,2597.65517369574,80.326732663,2068.8938415483995,14.74,272.99,1795.9038415483994,0.3348957439998953,72.13295341750798,4.77160524,77.11717712,-4.984223702492017,0.4588,188.8362629,31.42,1384.3200000000004,-1195.4837371000003
1946,12.674370839570235,540.39978089222,0.0,0.0,540.39978089222,3.82467744807341,466.6325940382875,0.0,0.0,466.6325940382875,694.9299051542889,4676.90507885003,33.83,1418.1500000000003,3258.7550788500293,34.9747974777,2103.8686390261,15.68,288.67,1815.1986390260995,1.0051095738668367,73.13806299137481,5.02698996,82.14416707999999,-9.006104088625179,0.6559,189.4921629,33.83,1418.1500000000003,-1228.6578371000005
1947,225.40407695854927,765.8038578507692,0.0,0.0,765.8038578507692,4.2106096685545165,470.843203706842,0.0,0.0,470.843203706842,801.9247139821813,5478.829792832211,38.01,1456.1600000000003,4022.6697928322105,27.6723672345,2131.5410062606,17.27,305.94,1825.6010062606,4.858819242235839,77.99688223361065,5.56156044,87.70572751999998,-9.708845286389334,12.4728,201.9649629,38.01,1456.1600000000003,-1254.1950371000005
1948,206.4895476533152,972.2934055040844,0.0,0.0,972.2934055040844,225.85324037411573,696.6964440809577,0.0,0.0,696.6964440809577,904.9106687637026,6383.740461595913,39.28,1495.4400000000005,4888.300461595913,890.71844675,3022.2594530106,19.54,325.48,2696.7794530106,1.18081911298284,79.1777013465935,6.28766532,93.99339283999998,-14.81569149340649,13.4452,215.4101629,39.28,1495.4400000000005,-1280.0298371000003
1949,153.59436826586284,1125.8877737699472,0.0,0.0,1125.8877737699472,31.426795794520597,728.1232398754782,0.0,0.0,728.1232398754782,1022.4118036259867,7406.1522652219,37.35,1532.7900000000002,5873.3622652219,124.52565253999998,3146.7851055506,19.43,344.91,2801.8751055506,29.54809829408369,108.72579964067718,6.71871312,100.71210596,8.013693680677193,22.717,238.1271629,37.35,1532.7900000000002,-1294.6628371000002
1950,6.693935373068162,1132.5817091430154,0.0,0.0,1132.5817091430154,13.103494935734751,741.226734811213,0.0,0.0,741.226734811213,1308.253032419604,8714.405297641504,40.8,1573.59,7140.815297641504,62.26282626999999,3209.0479318206,21.8,366.71,2842.3379318206,8.050022814691655,116.77582245536884,7.69188168,108.40398763999998,8.371834815368857,194.94739,433.0745529,40.8,1573.59,-1140.5154471
1951,193.3360712161781,1325.9177803591936,0.0,0.0,1325.9177803591936,104.8168053551356,846.0435401663485,0.0,0.0,846.0435401663485,1237.3653552772587,9951.770652918764,42.98,1616.5700000000002,8335.200652918764,270.958595834,3480.0065276546,24.72,391.43000000000006,3088.5765276546,37.10893852834135,153.88476098371018,9.12423348,117.52822111999998,36.3565398637102,6.1176,439.1921529,42.98,1616.5700000000002,-1177.3778471000005
1952,6.485870180003398,1332.4036505391969,0.0,0.0,1332.4036505391969,14.209515550260136,860.2530557166086,0.0,0.0,860.2530557166086,1380.2099136583786,11331.980566577142,42.73,1659.3000000000002,9672.680566577144,46.8892889297,3526.8958165843,25.99,417.4200000000001,3109.4758165842995,14.77657157131184,168.66133255502203,9.82665612,127.35487723999998,41.30645531502205,27.9488,467.1409529,42.73,1659.3000000000002,-1192.1590471000002
1953,26.48158229672261,1358.8852328359194,0.0,0.0,1358.8852328359194,12.348561669008182,872.6016173856168,0.0,0.0,872.6016173856168,1486.5418308843418,12818.522397461484,42.92,1702.2200000000005,11116.302397461484,234.446444618,3761.3422612023,27.48,444.9000000000001,3316.4422612022995,4.259291449027344,172.92062400404936,10.390842,137.74571923999997,35.17490476404939,11.651484,478.7924368999999,42.92,1702.2200000000005,-1223.4275631000005
1954,5.659803195689849,1364.5450360316092,0.0,0.0,1364.5450360316092,10.089273598321954,882.6908909839387,0.0,0.0,882.6908909839387,1617.183447533621,14435.705844995104,42.37,1744.59,12691.115844995104,107.614761498,3868.9570227003,28.77,473.6700000000001,3395.2870227002995,2.5105858692659,175.43120987331525,10.89935316,148.64507239999998,26.78613747331528,19.6757,498.46813689999993,42.37,1744.59,-1246.1218631000002
1955,40.07500904832098,1404.6200450799302,0.0,0.0,1404.6200450799302,26.008321281966023,908.6992122659047,0.0,0.0,908.6992122659047,1769.8677656242985,16205.573610619402,46.04,1790.63,14414.9436106194,143.742574284,4012.6995969843,32.24,505.9100000000001,3506.7895969843,1.9874216296354748,177.41863150295072,11.8568268,160.50189919999997,16.91673230295075,51.52309999999999,549.9912368999999,46.04,1790.63,-1240.6387631000002
1956,792.8043900967383,2197.4244351766683,0.0,0.0,2197.4244351766683,88.19554647977074,996.8947587456756,0.0,0.0,996.8947587456756,1882.0340634476736,18087.60767406708,48.65,1839.28,16248.327674067075,169.87758776799998,4182.577184752299,35.09,541.0000000000001,3641.577184752299,25.63770072915908,203.0563322321098,12.85829928,173.36019847999998,29.69613375210983,46.50337,596.4946068999999,48.65,1839.28,-1242.7853931000004
1957,8.476359073673823,2205.900794250342,0.0,0.0,2205.900794250342,47.74371871235731,1044.6384774580329,0.0,0.0,1044.6384774580329,1992.472599687805,20080.08027375488,50.02,1889.3,18190.78027375488,241.36453648,4423.941721232299,36.97,577.9700000000001,3845.9717212322985,20.42659883875073,223.48293107086053,13.97057688,187.33077536,36.15215571086054,45.333,641.8276068999999,50.02,1889.3,-1247.4723931000003
1958,39.00403555331815,2244.9048298036605,0.0,0.0,2244.9048298036605,55.383302873837486,1100.0217803318703,0.0,0.0,1100.0217803318703,2139.697451188752,22219.777724943637,51.6,1940.9,20278.87772494363,322.075607573,4746.017328805298,37.9,615.8700000000001,4130.1473288052985,8.48342822657129,231.9663592974318,15.0265692,202.35734456,29.609014737431806,88.4569,730.2845068999999,51.6,1940.9,-1210.6154931
1959,54.95220961987737,2299.857039423538,0.0,0.0,2299.857039423538,145.95008188126934,1245.9718622131395,0.0,0.0,1245.9718622131395,2161.5484922199776,24381.32621716361,53.48,1994.38,22386.946217163608,149.123312304,4895.1406411092985,40.9,656.7700000000001,4238.370641109298,10.44847965165788,242.4148389490897,16.7748336,219.13217816,23.282660789089704,15.5957,745.8802068999998,53.48,1994.38,-1248.4997931000005
1960,34.966146103819945,2334.823185527358,0.0,0.0,2334.823185527358,32.308998732677665,1278.2808609458175,0.0,0.0,1278.2808609458175,2265.015061629212,26646.34127879282,55.71,2050.09,24596.25127879282,327.456345654,5222.596986763298,44.07,700.8400000000001,4521.756986763298,26.20037440559526,268.6152133546849,18.26036532,237.39254348,31.222669874684957,35.513400000000004,781.3936068999999,55.71,2050.09,-1268.6963931000005
1961,83.55752349419768,2418.3807090215555,0.0,0.0,2418.3807090215555,53.62847112235121,1331.9093320681686,0.0,0.0,1331.9093320681686,2313.1336113942366,28959.47489018706,52.49,2102.58,26856.89489018706,283.257425716,5505.854412479299,46.91,747.7500000000001,4758.104412479299,8.739711015278239,277.3549243699632,19.61796456,257.01050804,20.344416329963224,12.85997,794.2535768999999,52.49,2102.58,-1308.3264231
1962,309.3423527786951,2727.7230618002504,0.0,0.0,2727.7230618002504,77.80438498238544,1409.713717050554,0.0,0.0,1409.713717050554,2368.147963497289,31327.62285368435,53.75,2156.33,29171.292853684343,279.798379846,5785.652792325299,50.88,798.6300000000001,4987.022792325299,22.704033162488336,300.0589575324516,21.46318056,278.4736886,21.585268932451527,11.2799,805.5334768999999,53.75,2156.33,-1350.7965231
1963,138.03095995194417,2865.7540217521946,0.0,0.0,2865.7540217521946,18.399889038802268,1428.1136060893564,0.0,0.0,1428.1136060893564,2406.167165925671,33733.790019610016,55.38,2211.71,31522.080019610017,172.95229520799998,5958.6050875332985,54.59,853.2200000000001,5105.385087533298,6.564396349724783,306.62335388217633,23.4846144,301.958303,4.665050882176331,8.024000000000001,813.5574768999999,55.38,2211.71,-1398.1525231
1964,203.70634384561023,3069.460365597805,0.0,0.0,3069.460365597805,25.814605830482048,1453.9282119198383,0.0,0.0,1453.9282119198383,2458.6487124391,36192.43873204912,57.83,2269.54,33922.898732049114,415.854185408,6374.459272941299,58.96,912.1800000000002,5462.279272941299,17.685272360381177,324.3086262425575,25.65938304,327.61768604,-3.309059797442501,35.394328,848.9518048999998,57.83,2269.54,-1420.5881951
1965,215.5336794272439,3284.9940450250488,71.00892677410705,71.00892677410705,3213.985118250942,239.6659194842812,1693.5941314041197,0.0,0.0,1693.5941314041197,2446.349286858506,38638.78801890762,58.97,2328.51,36310.27801890762,293.634563448,6668.093836389299,65.63,977.8100000000002,5690.283836389299,36.63034472162085,360.9389709641784,27.49854744,355.11623348,5.82273748417839,14.6662,863.6180048999998,58.97,2328.51,-1464.8919950999998
1966,889.8960085904517,4174.890053615501,77.19368665850719,148.20261343261424,4026.6874401828863,445.3190684784953,2138.913199882615,0.0,0.0,2138.913199882615,2454.8911844391,41093.67920334672,59.79,2388.3,38705.37920334672,149.123312304,6817.217148693299,71.27,1049.0800000000002,5768.137148693299,138.51837614941832,499.4573471135967,29.5885368,384.70477028,114.75257683359672,31.6368,895.2548048999998,59.79,2388.3,-1493.0451951
1967,1621.1048764674165,5795.994930082917,82.87301460814676,231.075628040761,5564.919302042155,221.99628978109573,2360.9094896637107,0.0,0.0,2360.9094896637107,2414.591965925671,43508.27116927239,57.67,2445.97,41062.30116927239,189.863186311,7007.0803350043,76.46,1125.5400000000002,5881.5403350043,189.3054373780141,688.7627844916108,31.842486,416.54725628,272.2155282116108,16.4488,911.7036048999998,57.67,2445.97,-1534.2663951
1968,429.6127518939275,6225.607681976844,90.27643497991257,321.35206302067354,5904.255618956171,166.85351025227342,2527.762999915984,0.0,0.0,2527.762999915984,2382.525363497288,45890.79653276968,59.27,2505.24,43385.55653276968,321.306930713,7328.3872657173,83.41,1208.9500000000005,6119.437265717299,44.49787333008141,733.2606578216921,34.8320628,451.37931908,281.8813387416921,25.6573,937.3609048999998,59.27,2505.24,-1567.8790951
1969,1395.036012438146,7620.64369441499,97.4916228324018,418.8436858530753,7201.800008561915,420.37181591810713,2948.134815834091,0.0,0.0,2948.134815834091,2322.437041394236,48213.23357416392,60.47,2565.71,45647.52357416392,239.058505839,7567.445771556299,89.79,1298.7400000000002,6268.705771556299,102.46508704728969,835.7257448689818,38.2527288,489.63204788,346.0936969889818,22.1634,959.5243048999998,60.47,2565.71,-1606.1856950999995
1970,362.7754553341038,7983.419149749094,107.37760353188132,526.2212893849567,7457.197860364137,78.41342599124505,3026.548241825336,35.13916834026168,35.13916834026168,2991.4090734850743,2293.325661629213,50506.55923579313,62.89,2628.5999999999995,47877.95923579313,125.294329461,7692.7401010173,98.76,1397.5000000000002,6295.2401010173,43.80103445416327,879.5267793231451,35.139222,524.77126988,354.7555094431451,63.82399999999999,1023.3483048999998,62.89,2628.5999999999995,-1605.2516950999998
1971,279.1487605004192,8262.567910249512,113.431563223887,639.6528526088437,7622.915057640668,609.9161299596066,3636.464371784943,37.588256538023415,72.72742487828509,3563.736946906657,2174.18529221998,52680.74452801311,62.32,2690.92,49989.82452801311,288.253825367,7980.9939263843,104.4,1501.9000000000003,6479.093926384299,48.60984583461357,928.1366251577588,37.5883056,562.35957548,365.7770496777586,28.2325,1051.5808048999995,62.32,2690.92,-1639.3391951
1972,135.43428801419688,8398.00219826371,119.61542579906327,759.2682784079069,7638.733919855803,49.794541496359685,3686.2589132813023,39.43969517646474,112.16712005474984,3574.0917932265525,2130.470461188753,54811.21498920186,62.1,2753.0199999999995,52058.19498920186,102.618361847,8083.6122882313,110.34,1612.2400000000002,6471.3722882313,13.968240372565996,942.1048655303248,39.4397424,601.79931788,340.3055476503247,79.22991,1130.8107148999998,62.1,2753.0199999999995,-1622.2092850999998
1973,243.2443984717985,8641.24659673551,130.7785772951771,890.046855703084,7751.199741032426,413.6347416321023,4099.893654913404,41.33770409548015,153.50482415022998,3946.388830763174,1997.023299687808,56808.23828888967,63.21,2816.23,53992.00828888967,233.677767758,8317.2900559893,120.4,1732.6400000000003,6584.6500559893,63.075167082690655,1005.1800326130152,41.3377236,643.13704148,362.0429911330153,49.8837,1180.6944149,63.21,2816.23,-1635.5355850999997
1974,225.6913353326653,8866.937932068175,131.04500629896464,1021.0918620020486,7845.846070066126,313.7686214624183,4413.662276375822,42.21034934691852,195.7151734971485,4217.947102878674,1884.5218934476743,58692.76018233734,63.77,2879.9999999999995,55812.76018233734,172.95229520799998,8490.242351197301,120.67,1853.3100000000004,6636.932351197301,49.11667901457626,1054.2967116275915,42.2103762,685.34741768,368.9492939475915,48.991200000000006,1229.6856148999998,63.77,2879.9999999999995,-1650.3143850999998
1975,488.84732042323833,9355.785252491412,124.65632597743976,1145.7481879794884,8210.037064511924,99.26114120090432,4512.923417576727,42.30034553979203,238.01551903694053,4274.907898539786,1820.5015876242976,60513.26176996164,67.56,2947.5599999999995,57565.70176996164,176.027002709,8666.2693539063,114.62,1967.9300000000003,6698.3393539063,109.9883941806084,1164.2851058082,42.3003708,727.64778848,436.6373173281999,102.156922,1331.8425368999997,67.56,2947.5599999999995,-1615.7174630999998
1976,896.46596040308,10252.251212894493,134.99639601989443,1280.744583999383,8971.50662889511,40.61131601018148,4553.534733586908,44.1243854421773,282.13990447911783,4271.39482910779,1640.4585475336198,62153.72031749526,69.48,3017.0399999999995,59136.68031749526,158.731773176,8825.0011270823,124.53,2092.4600000000005,6732.541127082299,48.37448164203645,1212.6595874502364,44.124408,771.77219648,440.8873909702363,42.9508,1374.7933368999998,69.48,3017.0399999999995,-1642.2466630999998
1977,331.27921158136087,10583.530424475854,140.13387991650325,1420.8784639158862,9162.651960559968,54.62425747780771,4608.158991064716,45.98695632765157,328.1268608067694,4280.032130257947,1548.1726268843413,63701.8929443796,71.59,3088.63,60613.2629443796,238.674167409,9063.6752944913,128.88,2221.3400000000006,6842.3352944913,57.04159412177475,1269.7011815720111,45.9869796,817.7591760800001,451.9420054920111,73.28228,1448.0756168999997,71.59,3088.63,-1640.5543831
1978,750.2805650979346,11333.810989573789,141.4338688439285,1562.3123327598146,9771.498656813974,99.52742823960266,4707.686419304319,47.543761451113824,375.6706222578832,4332.015797046436,1443.5009136583776,65145.393858037976,72.7,3161.3299999999995,61984.063858037975,147.20162015399998,9210.8769146453,130.05,2351.390000000001,6859.486914645298,85.90084198132473,1355.6020235533358,47.5437816,865.3029576800001,490.2990658733357,91.2398,1539.3154168999995,72.7,3161.3299999999995,-1622.0145830999998
1979,295.4615057415704,11629.27249531536,147.56511171528297,1709.8774444750975,9919.39505084026,520.4391540199271,5228.125573324246,50.74926137222565,426.41988363010887,4801.705689694138,1335.221655277257,66480.61551331524,76.97,3238.2999999999997,63242.31551331523,245.59225921,9456.4691738553,135.55,2486.940000000001,6969.529173855299,88.19439232190147,1443.7964158752372,50.7492756,916.05223328,527.7441825952371,103.9739,1643.2893168999997,76.97,3238.2999999999997,-1595.0106830999996
1980,548.366986535643,12177.639481851002,140.5845287402913,1850.4619732153888,10327.177508635614,119.56112249477653,5347.686695819022,51.42001724900547,477.8399008791144,4869.846794939907,1224.421482419606,67705.03699573484,75.49,3313.789999999999,64391.24699573485,82.248424813,9538.7175986683,129.42,2616.360000000001,6922.357598668299,83.96764878823467,1527.7640646634718,51.4200168,967.47225008,560.2918145834717,111.11584,1754.4051568999996,75.49,3313.789999999999,-1559.3848430999994
1981,244.26653231819105,12421.906014169192,132.88140161125872,1983.3433748266475,10438.562639342546,44.61867857738982,5392.305374396412,52.31153023465368,530.151431113768,4862.153943282644,1157.463593625988,68862.50058936083,77.2,3390.989999999999,65471.510589360834,149.89198922499995,9688.6095878933,121.96,2738.320000000001,6950.289587893298,24.6957135940786,1552.4597782575504,52.311528,1019.78377808,532.6760001775503,157.76878999999997,1912.1739468999997,77.2,3390.989999999999,-1478.8160530999994
1982,114.96470369058272,12536.870717859776,127.84344303866818,2111.186817865316,10425.68389999446,232.7534136490063,5625.058788045419,52.55094207018999,582.702373183958,5042.3564148614605,1014.3776687637036,69876.87825812453,79.94,3470.929999999999,66405.94825812454,160.653465326,9849.2630532193,117.14,2855.460000000001,6993.803053219299,18.53378163141923,1570.9935598889697,52.5509568,1072.33473488,498.6588250089696,122.9122,2035.0861468999997,79.94,3470.929999999999,-1435.8438530999997
1983,92.50576162318694,12629.376479482962,126.4009032488634,2237.587721114179,10391.788758368784,146.98049736028963,5772.039285405708,53.02098944531235,635.7233626292704,5136.315922776438,860.9891539821814,70737.86741210672,79.69,3550.619999999999,67187.24741210672,79.55805580299999,9928.8211090223,115.64,2971.100000000001,6957.721109022299,17.54111917932417,1588.5346790682938,53.021016,1125.35575088,463.17892818829387,71.53724000000001,2106.6233869,79.69,3550.619999999999,-1443.9966130999996
1984,216.65073078363287,12846.027210266597,128.74239900587418,2366.3301201200534,10479.69709014654,72.02401264991654,5844.063298055625,57.55900502083375,693.2823676501041,5150.780930405521,767.5237551542907,71505.39116726101,83.18,3633.799999999999,67871.59116726101,153.735373525,10082.5564825473,117.91,3089.0100000000007,6993.546482547299,31.7192816623966,1620.2539607306903,57.5590284,1182.91477928,437.3391814506904,73.24974999999999,2179.8731368999997,83.18,3633.799999999999,-1453.9268630999995
1985,78.4953365610035,12924.522546827598,128.08229054357847,2494.412410663632,10430.110136163968,839.9524274738902,6684.015725529515,59.07721934452991,752.359586994634,5931.656138534881,702.0236677545632,72207.41483501557,87.4,3721.199999999999,68486.21483501558,180.63906393,10263.1955464773,116.88,3205.890000000001,7057.305546477299,10.36160147331202,1630.6155622040023,59.0772384,1241.99201768,388.62354452400245,95.678119,2275.5512558999994,87.4,3721.199999999999,-1445.6487440999997
1986,238.3058573134396,13162.82840414104,134.40590957308453,2628.8183202367163,10534.010083904324,88.66110053382071,6772.676826063336,60.605214192274616,812.9648011869086,5959.712024876428,592.9081883391481,72800.32302335472,89.47,3810.669999999999,68989.65302335472,115.301530159,10378.4970766363,122.65,3328.540000000001,7049.9570766363,19.395423383148287,1650.0109855871506,60.605226,1302.5972436799998,347.4137419071508,67.01983988227738,2342.5710957822766,89.47,3810.669999999999,-1468.098904217722
1987,260.62484877797493,13423.453252919016,134.92082789567615,2763.7391481323925,10659.714104786624,176.59102970573014,6949.267855769066,63.64286272771346,876.6076639146221,6072.660191854444,541.1476361549912,73341.47065950971,91.16,3901.829999999999,69439.6406595097,93.778577835,10472.2756544713,122.93,3451.4700000000007,7020.8056544713,74.65114483459308,1724.6621304217438,63.6428808,1366.2401244799998,358.4220059417439,88.1969,2430.767995782277,91.16,3901.829999999999,-1471.062004217722
1988,214.3891227061405,13637.842375625156,140.3576204196387,2904.096768552032,10733.745607073124,997.9021810146183,7947.170036783685,66.4479491464258,943.055613061048,7004.114423722637,422.5325385640379,73764.00319807374,93.37,3995.1999999999994,69768.80319807374,83.78577859399999,10556.0614330653,128.19,3579.6600000000008,6976.4014330653,75.99407266429688,1800.6562030860407,66.4479648,1432.6880892799998,367.96811380604095,35.10324289340753,2465.8712386756843,93.37,3995.1999999999994,-1529.3287613243142
1989,403.092328853746,14040.9347044789,142.48182023293214,3046.578588784964,10994.356115693938,234.98093841631592,8182.150975200001,68.74917227087508,1011.804785331923,7170.346189868078,456.9333193016757,74220.93651737542,95.02,4090.2199999999984,70130.71651737542,110.689468938,10666.7509020033,129.73,3709.390000000001,6957.3609020033,86.82816320359956,1887.4843662896403,68.7491784,1501.43726768,386.0470986096405,127.8408,2593.712038675684,95.02,4090.2199999999984,-1496.5079613243142
1990,235.690161344836,14276.624865823736,145.229857220185,3191.808446005148,11084.816419818588,492.9203883648352,8675.071363564835,70.90978848682698,1082.71457381875,7592.356789746085,360.2017809815554,74581.13829835698,94.84,4185.059999999999,70396.07829835698,103.002700277,10769.7536022803,132.22,3841.6100000000006,6928.143602280301,45.21090616271557,1932.695272452356,70.9097976,1572.34706528,360.34820717235607,82.59656000000001,2676.308598675684,94.84,4185.059999999999,-1508.7514013243144
1991,294.6381263962396,14571.262992219976,144.88057953364333,3336.689025538792,11234.573966681184,54.26956476896176,8729.340928333797,71.85487242252066,1154.5694462412707,7574.771482092527,426.76256202038735,75007.90086037737,92.26,4277.319999999999,70730.58086037738,67.643564351,10837.3971666313,131.86,3973.4700000000007,6863.9271666313,16.395686632940613,1949.0909590852968,71.854884,1644.20194928,304.8890098052966,194.20990000000003,2870.518498675684,92.26,4277.319999999999,-1406.8015013243148
1992,222.66185034066677,14793.924842560642,146.75342060080672,3483.4424461395984,11310.482396421045,113.11826992032032,8842.459198254117,72.06602363561797,1226.6354698768887,7615.823728377229,261.680750689383,75269.58161106675,92.06,4369.379999999999,70900.20161106675,105.693069287,10943.0902359183,133.77,4107.240000000001,6835.850235918299,24.91495708887726,1974.0059161741735,72.0660312,1716.26798048,257.73793569417376,68.21723894049657,2938.7357376161804,92.06,4369.379999999999,-1430.6442623838188
1993,114.8910428201266,14908.815885380767,147.17364012778202,3630.616086267381,11278.199799113389,30.193751389687595,8872.652949643805,72.88666685210637,1299.522136728995,7573.13081291481,274.2177013609114,75543.79931242767,89.29,4458.669999999999,71085.12931242767,71.10261028199999,11014.1928462003,133.58,4240.820000000001,6773.372846200299,18.002525942688774,1992.0084421168624,72.8866692,1789.15464968,202.8537924368627,114.38675,3053.1224876161805,89.29,4458.669999999999,-1405.547512383819
1994,117.86612641070828,15026.682011791478,149.3731873882798,3779.98927365566,11246.692738135818,104.15832897557144,8976.811278619376,73.95305960635096,1373.475196335346,7603.336082284029,186.35951125796535,75730.15882368563,91.34,4550.009999999999,71180.14882368564,62.26282626999999,11076.4556724703,135.43,4376.250000000001,6700.205672470299,29.88470716430493,2021.893149281168,73.953072,1863.10772168,158.7854276011676,55.22809,3108.3505776161805,91.34,4550.009999999999,-1441.6594223838188
1995,136.34177870937532,15163.023790500853,151.52651754215162,3931.515791197812,11231.50799930304,112.9142146403764,9089.725493259752,75.18059999748812,1448.655796332834,7641.069696926917,164.27864838046145,75894.4374720661,94.13,4644.139999999999,71250.2974720661,68.412241211,11144.8679136813,137.29,4513.540000000001,6631.327913681298,13.48865880477417,2035.3818080859417,75.1806072,1938.28832888,97.09347920594178,57.43795000000001,3165.7885276161805,94.13,4644.139999999999,-1478.3514723838189
1996,347.6440220393318,15510.667812540183,155.1830131794609,4086.698804377273,11423.969008162912,273.6433997192456,9363.368892978997,78.8398659421523,1527.4956622749864,7835.87323070401,163.22030078917987,76057.65777285528,95.4,4739.539999999999,71318.11777285529,72.255625572,11217.123539253298,140.94,4654.4800000000005,6562.643539253298,44.21208751917542,2079.5938956051173,78.839874,2017.12820288,62.46569272511738,76.77314,3242.5616676161803,95.4,4739.539999999999,-1496.9783323838187
1997,272.0189758525546,15782.68678839274,159.1410274178285,4245.839831795101,11536.846956597636,65.46326381614097,9428.832156795135,78.77869465435424,1606.274356929341,7822.557799865796,158.46073512543535,76216.11850798072,96.8,4836.339999999999,71379.77850798072,69.565256501,11286.6887957543,144.08,4798.56,6488.128795754298,26.750711177733365,2106.344606782851,78.7787028,2095.90690568,10.437701102850951,88.99849,3331.5601576161803,96.8,4836.339999999999,-1504.779842383819
1998,174.89213422487063,15957.57892261761,163.0814939544081,4408.921325749509,11548.6575968681,243.90519886402708,9672.737355659165,79.28532787603945,1685.55968480538,7987.177670853785,148.30350413347438,76364.4220121142,95.06,4931.4,71433.0220121142,88.397839754,11375.086635508298,147.72,4946.280000000001,6428.806635508297,64.46470599997353,2170.809312782824,80.8644024,2176.77130808,-5.96199529717569,92.87528,3424.4354376161805,95.06,4931.4,-1506.9645623838192
1999,115.51809240075468,16073.097015018364,159.73221906449916,4568.6535448140085,11504.443470204356,87.98118341491406,9760.718539074078,83.1698986541669,1768.729583459547,7991.988955614531,150.66942423057992,76515.09143634478,95.09,5026.49,71488.60143634478,153.735373525,11528.822009033298,144.38,5090.660000000001,6438.162009033297,22.578647599843837,2193.387960382668,83.1699072,2259.94121528,-66.55325489733195,106.7459,3531.1813376161804,95.09,5026.49,-1495.3086623838194
2000,201.09891548349796,16274.195930501864,166.28871951084,4734.942264324848,11539.253666177014,566.6752423004721,10327.39378137455,86.44202759545442,1855.1716110550012,8472.22217031955,164.38596436064776,76679.47740070542,96.49,5122.98,71556.49740070543,213.692169215,11742.5141782483,150.64,5241.300000000001,6501.214178248298,42.588934026531696,2235.9768944092,86.4258048,2346.36702008,-110.39012567080044,129.820097,3661.00143461618,96.49,5122.98,-1461.9785653838194
2001,45.7666288286233,16319.962559330486,167.0619074353655,4902.0041717602135,11417.958387570274,90.29487864681188,10417.688660021362,88.50216741972508,1943.6737784747263,8474.014881546635,202.9395789940148,76882.41697969944,100.58,5223.56,71658.85697969944,121.4509451,11863.965123348298,150.63,5391.930000000001,6472.035123348297,13.953350130786005,2249.930244539986,88.467048,2434.83406808,-184.9038235400144,175.92602,3836.92745461618,100.58,5223.56,-1386.6325453838194
2002,92.49011826211108,16412.4526775926,165.30792601912722,5067.312097779341,11345.140579813258,73.34840147368114,10491.037061495044,90.56177808914072,2034.2355565638672,8456.801504931176,177.80299833379246,77060.21997803323,101.79,5325.349999999999,71734.86997803322,81.479747953,11945.4448713013,148.81,5540.740000000002,6404.704871301297,20.945908777552035,2270.876153317538,90.5304168,2525.36448488,-254.488331562462,156.83774,3993.76519461618,101.79,5325.349999999999,-1331.5848053838197
2003,107.29093928656572,16519.743616879165,172.36598690087115,5239.678084680212,11280.065532198952,63.84087397398154,10554.877935469023,93.80353377691642,2128.039090340784,8426.838845128239,150.68066013555395,77210.90063816878,109.26,5434.61,71776.29063816878,49.1953195341,11994.640190835398,155.42,5696.160000000002,6298.480190835397,13.044892819378308,2283.921046136916,93.7687428,2619.13322768,-335.2121815430837,134.52209858732877,4128.287293203509,109.26,5434.61,-1306.3227067964908
2004,98.81884008207302,16618.562456961237,180.5902407650748,5420.268325445287,11198.294131515951,81.83795587724916,10636.715891346272,96.99900863066608,2225.03809897145,8411.677792374821,197.10238577764352,77408.00302394642,118.7,5553.31,71854.69302394643,63.03150313,12057.671693965398,163.21,5859.370000000002,6198.301693965396,22.954958985509123,2306.8760051224253,96.9569244,2716.09015208,-409.2141469575745,184.73467725,4313.021970453508,118.7,5553.31,-1240.288029546491
2005,16.508759227643736,16635.07121618888,182.75754047736547,5603.025865922652,11032.045350266228,54.10319454815008,10690.819085894422,99.2960116154303,2324.3341105868803,8366.484975307541,203.68278861830285,77611.68581256473,126.17,5679.48,71932.20581256473,55.7290729051,12113.400766870498,164.6,6023.970000000002,6089.430766870496,13.641526571307928,2320.5175316937334,99.2796624,2815.36981448,-494.8522827862666,194.282096,4507.304066453508,126.17,5679.48,-1172.1759335464913
2006,242.31914980202023,16877.3903659909,184.2397532174739,5787.265619140126,11090.124746850775,461.7914705844484,11152.61055647887,102.672456463446,2427.0065670503263,8725.603989428544,287.50366407441936,77899.18947663915,132.54,5812.02,72087.16947663914,139.51485149299998,12252.9156183635,166.07,6190.040000000002,6062.875618363497,38.579185132648696,2359.096716826382,102.665376,2918.03519048,-558.9384736536181,280.407649,4787.711715453508,132.54,5812.02,-1024.3082845464914
2007,65.507667097228,16942.898033088128,183.98846675742053,5971.254085897546,10971.64394719058,68.11984498824685,11220.730401467115,105.39228797315263,2532.398855023479,8688.331546443638,241.78175015473784,78140.97122679389,138.39,5950.41,72190.56122679388,103.002700277,12355.9183186405,165.73,6355.770000000001,6000.148318640498,17.98739577289416,2377.084112599276,105.4031256,3023.43831608,-646.3542034807238,236.462465,5024.174180453508,138.39,5950.41,-926.2358195464922
2008,203.57290593133828,17146.470939019466,185.51658511687995,6156.770671014427,10989.70026800504,45.150676215800246,11265.881077682918,109.17781065593954,2641.5766656794185,8624.3044120035,367.6907110294715,78508.66193782336,142.94,6093.349999999999,72415.31193782335,182.94509451,12538.8634131505,167.49,6523.260000000001,6015.6034131504975,17.378149011626633,2394.4622616109027,109.261116,3132.69943208,-738.2371704690972,363.7308852230309,5387.9050656765385,142.94,6093.349999999999,-705.444934323461
2009,415.8707600628829,17562.34169908235,181.86516080995384,6338.63583182438,11223.70586725797,44.65222795027582,11310.533305633193,105.86881203090525,2747.445477710324,8563.08782792287,381.8807759883689,78890.54271381172,142.73,6236.079999999999,72654.46271381172,114.14851486899998,12653.0119280195,163.32,6686.580000000001,5966.431928019499,58.56367436381855,2453.025935974721,105.8724756,3238.57190768,-785.545971705279,378.95337,5766.858435676539,142.73,6236.079999999999,-469.2215643234604
2010,162.16007099993732,17724.501770082286,185.89946935758445,6524.535301181964,11199.966468900322,243.72750921289747,11554.26081484609,113.2102163474683,2860.655694057792,8693.605120788297,486.2784124822928,79376.82112629402,150.39,6386.469999999999,72990.35112629402,155.272727245,12808.2846552645,166.55,6853.130000000001,5955.154655264498,43.36889111201109,2496.394827086732,113.4075456,3351.97945328,-855.5846261932679,484.129227,6250.987662676539,150.39,6386.469999999999,-135.48233732346034
2011,50.53603361457695,17775.037803696865,187.67307118928028,6712.208372371245,11062.82943132562,208.15877215261295,11762.419586998702,117.50644166856,2978.162135726352,8784.25745127235,638.875743054854,80015.69686934887,161.06,6547.53,73468.16686934888,89.935193535,12898.2198487995,167.84,7020.970000000001,5877.249848799498,13.91445274126426,2510.3092798279963,117.272232,3469.25168528,-958.9424054520036,637.3088155436643,6888.296478220203,161.06,6547.53,340.7664782202037
2012,67.54877514455038,17842.586578841416,192.4615917088276,6904.6699640800725,10937.916614761343,329.0751320927198,12091.49471909142,120.30113583663116,3098.463271562983,8993.031447528438,367.7581028382757,80383.45497218714,162.75,6710.28,73673.17497218715,67.259225921,12965.4790747205,172.52,7193.490000000002,5771.989074720497,19.79574343398618,2530.1050232619823,119.7427788,3588.99446408,-1058.8894408180176,366.62359375,7254.920071970203,162.75,6710.28,544.6400719702033
2013,182.8261796392044,18025.41275848062,193.28257969339344,7097.952543773466,10927.460214707153,234.99919348000876,12326.49391257143,121.33076032515964,3219.794031888143,9106.699880683287,282.47370079854375,80665.92867298568,165.37,6875.65,73790.27867298569,61.49414941,13026.9732241305,172.75,7366.240000000002,5660.733224130498,15.192030669479797,2545.297053931462,121.164984,3710.15944808,-1164.862394148538,281.657962,7536.578033970203,165.37,6875.65,660.9280339702036
2014,54.80007167349532,18080.21283015412,198.10839707669197,7296.060940850158,10784.151889303956,118.3312414156778,12444.825153987107,124.02535936916092,3343.819391257304,9101.005762729805,230.78026638762,80896.7089393733,164.96,7040.61,73856.0989393733,44.5832583253,13071.5564824558,176.81,7543.050000000002,5528.506482455797,13.03370202837909,2558.330755959841,123.6816576,3833.84110568,-1275.510349720159,230.19779,7766.775823970203,164.96,7040.61,726.1658239702037
2015,26.710043760552438,18106.922873914667,204.78532742725284,7500.846268277411,10606.076605637256,194.8568598935272,12639.682013880634,126.54701946239696,3470.366410719701,9169.315603160932,243.45515160758532,81140.16409098089,160.37,7200.98,73939.1840909809,27.6723672345,13099.228849690298,182.74,7725.790000000002,5373.438849690297,8.944022635090517,2567.274778594932,126.282204,3960.12330968,-1392.8485310850683,243.042114,8009.817937970203,160.37,7200.98,808.8379379702037
2016,23.444061940137708,18130.366935854807,205.63190139068917,7706.4781696681,10423.888766186708,39.25871701503552,12678.94073089567,127.9294145656172,3598.295825285318,9080.644905610352,473.05663362597386,81613.22072460687,151.58,7352.559999999999,74260.66072460687,27.6723672345,13126.901216924798,183.26,7909.050000000002,5217.851216924796,3.1270083374182573,2570.40178693235,127.6010424,4087.72435208,-1517.32256514765,472.765773,8482.583710970202,151.58,7352.559999999999,1130.023710970203
2017,357.67644288658096,18488.04337874139,206.74816033595292,7913.226330004053,10574.817048737335,22.13708840831336,12701.077819303984,132.63594584588623,3730.931771131204,8970.14604817278,467.6098008585319,82080.8305254654,155.01,7507.57,74573.26052546539,38.0495049482,13164.950721872998,183.59,8092.640000000002,5072.310721872996,17.70241293165277,2588.104199864003,132.187428,4219.91178008,-1631.8075802159974,467.6672945873288,8950.251005557531,155.01,7507.57,1442.6810055575315
2018,259.71387087587067,18747.75724961726,212.2514329369228,8125.477762940975,10622.279486676283,124.98151962966888,12826.059338933654,138.81435775601835,3869.746128887223,8956.313210046432,726.7287124741326,82807.55923793952,162.3,7669.87,75137.68923793953,33.8217821755,13198.772504048498,187.89,8280.530000000002,4918.242504048496,6.488321170774347,2594.5925210347773,138.80952,4358.72130008,-1764.128779045223,728.9265756201308,9679.177581177662,162.3,7669.87,2009.3075811776623
2019,205.14868336814592,18952.905932985406,212.4430192800909,8337.920782221066,10614.98515076434,113.52041555588777,12939.57975448954,143.01158330089606,4012.757712188119,8926.822042301423,486.33700648703456,83293.89624442656,163.95,7833.82,75460.07624442657,18.44823,13217.220734048498,187.53,8468.060000000003,4749.160734048495,17.391986710277244,2611.9845077450545,142.8635232,4501.58482328,-1889.6003155349451,486.2395803809931,10165.417161558657,163.95,7833.82,2331.597161558655
2020,185.18821939975643,19138.09415238516,198.6468165484689,8536.567598769536,10601.526553615626,365.0917945805963,13304.671549070135,139.21076280179477,4151.968474989913,9152.703074080224,406.5861360836043,83700.48238051016,156.22,7990.04,75710.44238051017,76.25,13293.470734048498,174.82,8642.880000000003,4650.590734048496,20.167456486871767,2632.1519642319263,138.9816,4640.56642328,-2008.4144590480737,409.46155694920594,10574.87871850786,156.22,7990.04,2584.83871850786
2021,200.37794063454984,19338.47209301971,201.5802566911008,8738.147855460636,10600.324237559074,22.41508757390256,13327.08663664404,145.67667503761368,4297.645150027527,9029.441486616512,561.7319416611982,84262.21432217136,162.5,8152.54,76109.67432217137,28.67,13322.140734048498,177.09,8819.970000000003,4502.170734048495,3.2197231526790144,2635.371687384605,145.9231308,4786.48955408,-2151.1178666953947,561.6865555873287,11136.565274095188,162.5,8152.54,2984.0252740951883
2022,210.6302958366038,19549.102388856318,210.6530825646575,8948.800938025293,10600.30145083102,59.04311893491986,13386.12975557896,145.81282821761306,4443.45797824514,8942.67177733382,305.2497803654246,84567.46410253679,174.56,8327.1,76240.36410253678,122.0,13444.140734048498,184.52,9004.490000000003,4439.650734048495,8.65080796772211,2644.022495352327,145.577376,4932.06693008,-2288.044434727673,314.554531142198,11451.119805237386,174.56,8327.1,3124.0198052373853
2023,215.48029466305644,19764.58268351937,215.1569015761452,9163.95783960144,10600.62484391793,49.64814674259308,13435.777902321552,146.31185317555355,4589.769831420694,8846.00807090086,561.0163239316082,85128.48042646839,0.0,8327.1,76801.38042646839,18.3,13462.440734048498,0.0,9004.490000000003,4457.950734048494,6.458879330579592,2650.481374682907,0.0,4932.06693008,-2281.585555397093,560.99576,12012.115565237384,0.0,8327.1,3685.015565237385
2024,214.10873324935287,19978.69141676872,216.4089339823635,9380.366773583804,10598.324643184918,8.410555901497577,13444.18845822305,148.48025959161168,4738.250091012305,8705.938367210745,534.3955735316508,85662.87600000005,0.0,8327.1,77335.77600000004,18.3,13480.740734048495,0.0,9004.490000000003,4476.2507340484935,1.5329385902560322,2652.0143132731628,0.0,4932.06693008,-2280.052616806837,534.381875,12546.497440237385,0.0,8327.1,4219.397440237384
