Year,China,India,Indonesia,United States,Australia,Afghanistan,Albania,Algeria,Argentina,Austria,Bangladesh,Belgium,Bosnia and Herzegovina,Botswana,Brazil,Bulgaria,Canada,Chile,Colombia,Czechia,Czechoslovakia,Democratic Republic of Congo,Denmark,Eswatini,France,Georgia,Germany,Greece,Hungary,Iran,Ireland,Italy,Japan,Kazakhstan,Kosovo,Kyrgyzstan,Laos,Malaysia,Mexico,Moldova,Mongolia,Montenegro,Morocco,Mozambique,Myanmar,Netherlands,New Zealand,Niger,Nigeria,North Korea,North Macedonia,Norway,Pakistan,Peru,Philippines,Poland,Portugal,Romania,Russia,Serbia,Slovakia,Slovenia,South Africa,South Korea,Spain,Sweden,Taiwan,Tajikistan,Tanzania,Thailand,Turkey,USSR,Ukraine,United Kingdom,Uzbekistan,Venezuela,Vietnam,World,Yugoslavia,Zambia,Zimbabwe
1900,0,0.14,0.01,6.59,0.15,0,0,0,0,0.62,,0.63,,0,0,0,0.15,0.01,0,,0.47,0,0,0,0.97,,2.33,0,0.09,0,0,0,0.21,,,,,0,0.01,,0,,0,0,0,0.01,0.03,0,0,0,,0,0,0,0,0.69,0,0,,,,,0.02,0,0.06,0.01,0,,0,0,0.01,0.39,,5.64,,0,0.01,19.26,0.01,0,0
1901,0,0.15,0.01,7.16,0.17,0,0,0,0,0.66,,0.6,,0,0,0,0.17,0.02,0,,0.24,0,0,0,0.94,,2.35,0,0.09,0,0,0,0.25,,,,,0,0.01,,0,,0,0,0,0.01,0.03,0,0,0,,0,0,0,0,0.73,0,0,,,,,0.04,0,0.07,0.01,0,,0,0,0.01,0.4,,5.49,,0,0.01,19.61,0.01,0,0
1902,0,0.17,0.01,7.47,0.16,0,0,0,0,0.63,,0.61,,0,0,0,0.2,0.02,0,,0.24,0,0,0,0.87,,2.32,0,0.08,0,0,0,0.27,,,,,0,0.02,,0,,0,0,0,0.01,0.03,0,0,0,,0,0,0,0,0.71,0,0,,,,,0.06,0,0.07,0.01,0,,0,0,0.01,0.4,,5.69,,0,0,20.08,0.01,0,0
1903,0.02,0.17,0.01,8.73,0.17,0,0,0,0,0.64,,0.64,,0,0,0,0.21,0.02,0,,0.24,0,0,0,1.01,,2.51,0,0.08,0,0,0,0.28,,,,,0,0.02,,0,,0,0,0,0.01,0.03,0,0,0,,0,0,0,0,0.73,0,0,,,,,0.08,0,0.07,0.01,0,,0,0,0.01,0.41,,5.77,,0,0.01,21.91,0.01,0,0
1904,0.02,0.19,0.01,8.59,0.16,0,0,0,0,0.65,,0.61,,0,0,0,0.22,0.02,0,,0.24,0,0,0,0.99,,2.61,0,0.09,0,0,0,0.3,,,,,0,0.02,,0,,0,0,0,0.01,0.04,0,0,0,,0,0,0,0,0.74,0,0,,,,,0.09,0,0.07,0.01,0,,0,0,0.02,0.47,,5.82,,0,0.01,22.03,0.01,0,0
1905,0.03,0.2,0.01,9.59,0.18,0,0,0,0,0.68,,0.58,,0,0,0,0.23,0.02,0,,0.53,0,0,0,1.04,,2.76,0,0.09,0,0,0,0.32,,,,,0,0.02,,0,,0,0,0,0.01,0.04,0,0,0,,0,0,0,0,0.8,0,0,,,,,0.1,0,0.08,0.01,0,,0,0,0.02,0.45,,5.91,,0,0.01,23.75,0.01,0,0
1906,0.19,0.23,0.01,10.11,0.21,0,0,0,0,0.73,,0.63,,0,0,0,0.26,0.03,0,,0.26,0,0,0,0.99,,2.97,0,0.09,0,0,0,0.36,,,,,0,0.02,,0,,0,0,0,0.02,0.04,0,0,0,,0,0,0,0,0.84,0,0,,,,,0.12,0,0.08,0.01,0,,0,0,0.02,0.52,,6.29,,0,0.01,25.08,0.01,0,0
1907,0.19,0.26,0.01,11.73,0.23,0,0,0,0,0.77,,0.64,,0,0,0,0.28,0.02,0,,0.28,0,0,0,1.07,,3.14,0,0.1,0,0,0,0.38,,,,,0,0.02,,0,,0,0,0,0.02,0.04,0,0,0,,0,0,0.01,0,0.92,0,0,,,,,0.13,0,0.09,0.01,0,,0,0,0.02,0.63,,6.71,,0,0.01,27.74,0.01,0,0
1908,0.25,0.3,0.01,10.16,0.24,0,0,0,0,0.78,,0.63,,0,0,0,0.29,0.03,0,,0.29,0,0,0,1.09,,3.24,0,0.1,0,0,0,0.41,,,,,0,0.02,,0,,0,0,0,0.03,0.05,0,0,0,,0,0,0.01,0,0.97,0,0,,,,,0.13,0,0.1,0.01,0,,0,0,0.02,0.62,,6.55,,0,0.01,26.36,0.01,0,0
1909,0.23,0.28,0.01,11.25,0.2,0,0,0,0,0.76,,0.63,,0,0,0,0.28,0.03,0,,0.28,0,0,0,1.1,,3.28,0,0.11,0,0,0,0.42,,,,,0,0.03,,0,,0,0,0,0.03,0.05,0,0,0,,0,0,0.01,0,0.98,0,0,,,,,0.15,0,0.1,0.01,0.01,,0,0,0.02,0.65,,6.61,,0,0.01,27.55,0.01,0,0
1910,0.21,0.28,0.02,12.25,0.23,0,0,0,0,0.75,,0.64,,0,0,0,0.34,0.03,0,,0.58,0,0,0,1.12,,3.32,0,0.11,0,0,0,0.43,,,,,0,0.03,,0,,0,0,0,0.04,0.05,0,0,0,,0,0,0.01,0,0.98,0,0,,,,,0.18,0,0.1,0.01,0.01,,0,0,0.02,0.61,,6.62,,0,0.01,29.02,0.01,0,0
1911,0.31,0.3,0.02,12.12,0.25,0,0,0,0,0.77,,0.62,,0,0,0,0.3,0.03,0,,0.59,0,0,0,1.14,,3.5,0,0.11,0,0,0,0.49,,,,,0,0.03,,0,,0,0,0,0.04,0.05,0,0,0,,0,0,0.01,0,1.05,0,0,,,,,0.17,0,0.09,0.01,0.01,,0,0,0.02,0.65,,6.81,,0,0.01,29.54,0.01,0,0.01
1912,0.11,0.34,0.02,13.05,0.28,0,0,0,0,0.83,,0.62,,0,0,0.01,0.39,0.04,0,,0.63,0,0,0,1.2,,3.87,0,0.12,0,0,0.01,0.54,,,,,0,0.02,,0,,0,0,0,0.05,0.05,0,0,0,,0,0,0.01,0,1.19,0,0,,,,,0.18,0,0.1,0.01,0.01,,0,0,0.02,0.76,,6.52,,0,0.01,31,0.01,0,0.01
1913,0.12,0.38,0.02,13.92,0.3,0,0,0,0,0.86,,0.61,,0,0,0.01,0.4,0.04,0,,0.66,0,0,0,1.19,,4.2,0,0.13,0,0,0.01,0.59,,,,,0,0.01,,0,,0,0,0,0.05,0.05,0,0,0,,0,0,0.01,0,1.25,0,0,,,,,0.2,0,0.1,0.01,0.01,,0,0,0.02,0.83,,7.2,,0,0.01,33.22,0.04,0,0.01
1914,0.17,0.38,0.02,12.54,0.3,0,0,0,0,0.78,,0.45,,0,0,0.01,0.36,0.03,0,,0.6,0,0,0,0.8,,3.65,0,0.11,0,0,0.01,0.62,,,,,0,0.02,,0,,0,0,0,0.06,0.06,0,0,0.01,,0,0,0.01,0,1.04,0,0,,,,,0.19,0,0.11,0.01,0.01,,0,0,0.02,0.78,,6.65,,0,0.02,29.81,0,0,0.01
1915,0.18,0.4,0.02,12.98,0.27,0,0,0,0,0.78,,0.38,,0,0,0.01,0.35,0.03,0,,0.6,0,0,0,0.56,,3.43,0,0.11,0,0,0.01,0.57,,,,,0,0.01,,0,,0,0,0,0.07,0.05,0,0,0.01,,0,0,0.01,0,1.02,0,0,,,,,0.19,0,0.11,0.01,0.01,,0,0,0.01,0.76,,6.34,,0,0.02,29.34,0,0,0.01
1916,0.2,0.4,0.02,14.41,0.24,0,0,0,0,0.55,,0.51,,0,0,0.01,0.39,0.04,0,,0.64,0,0,0,0.62,,3.71,0,0.11,0,0,0.01,0.63,,,,,0,0.01,,0,,0,0,0,0.08,0.06,0,0,0.01,,0,0,0.01,0,1.17,0,0,,,,,0.23,0,0.13,0.01,0.02,,0,0,0.01,0.81,,6.42,,0,0.02,31.47,0,0,0.01
1917,0.22,0.42,0.02,15.9,0.24,0,0,0,0,0.03,,0.4,,0,0,0.01,0.37,0.04,0,,0.6,0,0,0,0.83,,3.87,0,0.11,0,0,0.02,0.73,,,,,0,0.01,,0,,0,0,0,0.09,0.05,0,0,0,,0,0,0.01,0,1.31,0.01,0,,,,,0.24,0,0.14,0.01,0.02,,0,0,0,0.75,,6.22,,0,0.02,32.77,0,0,0.01
1918,0.23,0.48,0.02,16.56,0.26,0,0,0,0,0.03,,0.37,,0,0.01,0.01,0.45,0.04,0,,0.51,0,0,0,0.75,,3.75,0,0.1,0,0,0.02,0.78,,,,,0,0.02,,0,,0,0,0,0.12,0.05,0,0,0.01,,0,0,0.01,0,1.1,0.01,0,,,,,0.23,0,0.17,0.01,0.02,,0,0,0.01,0.3,,5.7,,0,0.02,32.19,0,0,0.01
1919,0.27,0.53,0.03,13.53,0.25,0,0,0,0,0.03,,0.5,,0,0.01,0.01,0.42,0.04,0,,0.48,0,0,0,0.65,,2.94,0,0.05,0,0,0.01,0.87,,,,,0.01,0.01,,0,,0,0,0,0.12,0.05,0,0,0.01,,0,0,0.01,0,0,0,0.02,,,,,0.24,0,0.15,0.01,0.03,,0,0,0.01,0.21,,5.75,,0,0.02,27.3,0.03,0,0.01
1920,0.3,0.42,0,16.08,0.31,0,0,0,0,0.04,,0.6,,0,0.01,0.01,0.51,0.03,0,,0.54,0,0,0,0.73,,3.36,0,0.06,0,0,0.02,0.81,,,,,0.01,0.01,,0,,0,0,0,0.14,0.04,0,0.01,0.01,,0,0,0.01,0,0.74,0,0.02,,,,,0.27,0,0.14,0.01,0.03,,0,0,0.02,0.19,,5.75,,0,0.02,31.29,0.03,0,0.02
1921,0.28,0.45,0.04,12.37,0.31,0,0,0,0,0.04,,0.58,,0,0.01,0.01,0.45,0.04,0,,0.58,0,0,0,0.84,,3.55,0,0.08,0,0,0.01,0.73,,,,,0.01,0.02,,0,,0,0,0,0.13,0.04,0,0.01,0.01,,0,0,0.01,0,0.71,0,0.02,,,,,0.26,0,0.13,0.01,0.03,,0,0,0.01,0.2,,4.09,,0,0.03,26.13,0.04,0,0.02
1922,0.29,0.44,0.03,11.65,0.29,0,0,0,0,0.05,,0.57,,0,0.01,0.02,0.46,0.03,0,,0.51,0,0,0,0.93,,3.37,0,0.09,0,0,0.01,0.77,,,,,0.01,0,,0,,0,0,0,0.14,0.04,0,0,0.01,,0.01,0,0.01,0,0.83,0,0.03,,,,,0.23,0,0.11,0.01,0.04,,0,0,0.01,0.25,,6.25,,0,0.03,27.58,0.04,0,0.01
1923,0.36,0.46,0.03,16.07,0.3,0,0,0,0,0.04,,0.61,,0,0.01,0.02,0.51,0.03,0,,0.52,0,0,0,1.12,,2.18,0,0.1,0,0,0.01,0.8,,,,,0.01,0.03,,0,,0,0,0,0.16,0.04,0,0.01,0.01,,0.01,0,0.01,0,0.86,0,0.03,,,,,0.27,0,0.15,0.01,0.04,,0,0,0.02,0.28,,6.91,,0,0.03,32.12,0.05,0,0.02
1924,0.39,0.49,0.04,13.96,0.33,0,0,0,0,0.04,,0.63,,0,0.01,0.02,0.42,0.04,0,,0.63,0,0,0,1.31,,3.25,0,0.09,0,0,0.01,0.83,,,,,0.01,0.03,,0,,0,0,0,0.18,0.04,0,0.01,0.01,,0.01,0,0,0,0.77,0,0.03,,,,,0.29,0,0.16,0.01,0.04,,0,0,0.03,0.37,,6.68,,0,0.04,31.28,0.05,0,0.02
1925,0.37,0.49,0.04,14.21,0.33,0,0,0,0,0.05,,0.62,,0,0.01,0.02,0.41,0.04,0,,0.56,0,0,0,1.4,,3.64,0,0.08,0,0,0.02,0.87,,,,,0.01,0.03,,0,,0,0,0,0.21,0.04,0,0.01,0.02,,0.01,0,0,0,0.69,0,0.03,,,,,0.3,0,0.16,0.01,0.05,,0,0,0.03,0.38,,6.12,,0,0.04,31.36,0.05,0,0.02
1926,0.33,0.49,0.04,16.06,0.33,0,0,0,0,0.05,,0.68,,0,0.01,0.02,0.5,0.04,0,,0.61,0,0,0,1.52,,3.86,0,0.08,0,0,0.02,0.87,,,,,0.01,0.03,,0,,0,0,0,0.26,0.05,0,0.01,0.02,,0.01,0,0.01,0,0.85,0.01,0.04,,,,,0.31,0,0.17,0.01,0.05,,0,0,0.03,0.59,,3.14,,0,0.04,31.22,0.05,0,0.03
1927,0.37,0.51,0.05,14.6,0.34,0,0,0,0,0.05,,0.74,,0,0.01,0.02,0.52,0.04,0,,0.63,0,0,0,1.54,,4.1,0,0.09,0,0,0.01,0.93,,,,,0.01,0.02,,0,,0,0,0,0.28,0.05,0,0.01,0.02,,0.01,0,0,0,0.9,0.01,0.04,,,,,0.31,0,0.17,0.01,0.05,,0,0,0.04,0.74,,6.29,,0,0.04,33.64,0.06,0,0.03
1928,0.38,0.52,0.05,14.07,0.3,0,0,0,0,0.05,,0.74,,0,0.01,0.02,0.53,0.04,0,,0.63,0,0,0,1.52,,4.19,0,0.09,0,0,0.01,0.94,,,,,0.02,0.02,,0,,0,0,0,0.32,0.05,0,0.01,0.02,,0.01,0,0.01,0,0.96,0.01,0.04,,,,,0.31,0,0.16,0.01,0.05,,0,0,0.03,0.82,,5.95,,0,0.06,33.04,0.06,0,0.03
1929,0.39,0.54,0.05,14.87,0.26,0,0,0,0,0.06,,0.72,,0,0.01,0.03,0.53,0.04,0,,0.71,0,0,0,1.6,,4.5,0,0.1,0,0,0.01,0.95,,,,,0.02,0.02,,0,,0,0,0,0.34,0.05,0,0.01,0.03,,0.01,0,0.01,0,1.1,0.01,0.04,,,,,0.32,0,0.18,0.01,0.04,,0,0,0.04,0.92,,6.46,,0,0.06,35.14,0.07,0,0.03
1930,0.42,0.55,0.05,13.11,0.25,0,0,0,0,0.05,,0.74,,0,0.01,0.02,0.45,0.04,0,,0.61,0,0,0,1.6,,3.87,0,0.09,0,0,0.01,0.87,,,,,0.02,0.03,,0,,0,0,0,0.36,0.05,0,0.01,0.03,,0.01,0,0.01,0,0.89,0.01,0.03,,,,,0.3,0,0.18,0.01,0.05,,0,0,0.04,1.1,,6.11,,0,0.06,32.11,0.06,0,0.03
1931,0.44,0.51,0.04,10.79,0.22,0,0,0,0,0.05,,0.73,,0,0.01,0.02,0.34,0.03,0,,0.56,0,0,0,1.48,,3.33,0,0.09,0,0,0.01,0.77,,,,,0.01,0.02,,0,,0,0,0,0.38,0.05,0,0.01,0.03,,0.01,0,0,0,0.91,0.01,0.02,,,,,0.26,0,0.18,0.01,0.04,,0,0,0.04,1.29,,5.5,,0,0.05,28.32,0.06,0,0.02
1932,0.42,0.47,0.03,8.78,0.23,0,0,0,0,0.05,,0.57,,0,0.01,0.03,0.33,0.03,0,,0.48,0,0,0,1.37,,2.98,0,0.09,0,0,0.01,0.78,,,,,0.01,0.01,,0,,0,0,0,0.38,0.04,0,0.01,0.03,,0.01,0,0,0,0.68,0.01,0.02,,,,,0.24,0,0.17,0.01,0.04,,0,0,0.04,1.46,,5.23,,0,0.05,25.18,0.06,0,0.01
1933,0.46,0.46,0.03,9.36,0.24,0,0,0,0,0.05,,0.68,,0,0.01,0.02,0.33,0.04,0,,0.46,0,0,0,1.39,,3.11,0,0.09,0,0,0.01,0.9,,,,,0.01,0.01,,0,,0,0,0,0.37,0.04,0,0.01,0.04,,0.01,0,0,0,0.65,0.01,0.02,,,,,0.26,0,0.15,0.01,0.04,,0,0,0.05,1.73,,5.19,,0,0.05,26.36,0.05,0,0.01
1934,0.54,0.51,0.03,10.17,0.25,0,0,0,0,0.05,,0.71,,0,0.02,0.03,0.38,0.05,0.01,,0.46,0,0,0,1.41,,3.47,0,0.09,0,0,0.02,0.99,,,,,0.01,0.02,,0,,0,0,0,0.36,0.04,0,0.01,0.05,,0.01,0,0,0,0.69,0.01,0.02,,,,,0.3,0,0.15,0.01,0.04,,0,0,0.06,2.13,,5.53,,0,0.05,28.77,0.05,0,0.02
1935,0.63,0.54,0.03,10.38,0.28,0,0,0,0,0.05,,0.71,,0,0.02,0.03,0.38,0.05,0.01,,0.47,0,0,0,1.37,,3.89,0,0.1,0,0,0.02,1.04,,,,,0.01,0.03,,0,,0,0,0,0.35,0.05,0,0.01,0.06,,0.01,0,0,0,0.68,0.01,0.02,,,,,0.33,0,0.17,0.01,0.05,,0,0,0.06,2.46,,5.57,,0,0.05,30,0.05,0,0.02
1936,0.71,0.53,0.03,12.07,0.3,0,0,0,0,0.05,,0.75,,0,0.01,0.03,0.42,0.05,0.01,,0.51,0,0,0,1.34,,4.29,0,0.1,0,0,0.04,1.16,,,,,0.01,0.03,,0,,0,0,0,0.38,0.05,0,0.01,0.07,,0.01,0,0,0,0.71,0.01,0.02,,,,,0.36,0,0.08,0.01,0.05,,0,0,0.06,2.84,,5.72,,0,0.06,32.96,0.06,0,0.02
1937,0.66,0.58,0.04,12.16,0.32,0,0,0,0,0.05,,0.8,,0,0.02,0.03,0.44,0.06,0.01,,0.65,0,0,0,1.32,,4.97,0,0.11,0,0,0.05,1.25,,,,,0.02,0.03,,0,,0,0,0,0.42,0.05,0,0.01,0.07,,0.01,0,0,0,0.86,0.01,0.03,,,,,0.38,0,0.06,0.01,0.06,,0,0,0.06,2.86,,6.02,,0,0.07,34.63,0.06,0,0.03
1938,0.6,0.66,0.04,9.65,0.32,0,0,0,0,0.05,,0.79,,0,0.02,0.03,0.4,0.06,0.01,,0.6,0,0,0,1.38,,5.1,0,0.12,0,0,0.06,1.35,,,,,0.01,0.02,,0,,0,0,0,0.4,0.05,0,0.01,0.1,,0.01,0,0,0,0.9,0.01,0.03,,,,,0.4,0,0.14,0.01,0.06,,0,0,0.07,2.98,,5.68,,0,0.07,32.31,0.07,0,0.03
1939,0.73,0.65,0.05,10.91,0.36,0,0,0,0,0.06,,0.8,,0,0.02,0.04,0.43,0.05,0.01,,0.72,0,0,0,1.46,,5.04,0,0.13,0,0,0.08,1.41,,,,,0.01,0.02,,0,,0,0,0,0.38,0.05,0,0.01,0.12,,0.01,0,0,0,0.55,0.01,0.03,,,,,0.41,0,0.16,0.01,0.08,,0,0,0.07,3.26,,5.79,,0,0.08,34.13,0.07,0,0.03
1940,0.93,0.68,0.06,12.52,0.32,0,0,0,0,0.06,,0.68,,0,0.03,0.04,0.48,0.06,0.02,,0.81,0,0,0,1.18,,5.12,0,0.14,0,0,0.1,1.56,,,,,0.02,0.02,,0,,0,0,0,0.36,0.05,0,0.01,0.17,,0.01,0,0,0,1.83,0.01,0.03,,,,,0.42,0,0.23,0.01,0.08,,0,0,0.08,3.67,,5.62,,0,0.07,37.64,0.08,0,0.04
1941,1.16,0.69,0.06,13.94,0.38,0,0,0,0,0.06,,0.72,,0,0.03,0.05,0.51,0.06,0.01,,0.82,0,0.01,0,1.26,,5.21,0,0.16,0,0,0.1,1.56,,,,,0.02,0.02,,0,,0,0,0,0.39,0.06,0,0.01,0.18,,0,0,0,0,1.81,0.01,0.03,,,,,0.45,0,0.23,0.02,0.08,,0,0,0.08,3.54,,5.17,,0,0.07,39.02,0,0,0.04
1942,1.22,0.68,0,15.71,0.4,0,0,0,0,0.06,,0.67,,0,0.04,0.06,0.52,0.06,0.02,,0.88,0,0.02,0,1.26,,5.3,0,0.16,0,0,0.1,1.49,,,,,0.01,0.02,,0,,0,0,0,0.36,0.06,0,0.01,0.2,,0,0,0,0,1.99,0.02,0.03,,,,,0.5,0,0.25,0.02,0.07,,0,0,0.07,2.17,,5.13,,0,0.04,39.69,0,0,0.05
1943,1.06,0.59,0,15.9,0.39,0,0,0,0,0.06,,0.64,,0,0.05,0.06,0.5,0.07,0.01,,0.97,0,0.02,0,1.22,,5.4,0,0.15,0,0.01,0.06,1.55,,,,,0.01,0.02,,0,,0,0,0,0.37,0.06,0,0.02,0.19,,0,0,0.01,0,2.17,0.01,0.03,,,,,0.5,0,0.26,0.02,0.07,,0,0,0.09,3.17,,4.98,,0,0.03,40.79,0,0,0.05
1944,1.07,0.61,0,16.69,0.38,0,0,0,0,0.06,,0.36,,0,0.04,0.05,0.47,0.07,0.02,,0.93,0,0.02,0,0.76,,4.81,0,0.12,0,0.01,0.03,1.48,,,,,0.01,0.02,,0,,0,0,0,0.25,0.06,0,0.02,0.21,,0,0,0.01,0,2.07,0.01,0.03,,,,,0.56,0,0.28,0.02,0.05,,0,0,0.1,2.58,,4.83,,0,0.02,39.16,0,0,0.05
1945,0.55,0.68,0,15.46,0.36,0,0,0,0,0.03,,0.42,,0,0.05,0.05,0.46,0.06,0.02,,0.49,0,0.02,0,1.01,,1.21,0,0.06,0,0.01,0.04,0.84,,,,,0.01,0.02,,0,,0.01,0,0,0.15,0.06,0,0.02,0,,0,0,0.01,0,0.65,0.02,0.02,,,,,0.57,0,0.29,0.02,0.02,,0,0,0.11,2.96,,4.58,,0,0.01,31.42,0.04,0,0.05
1946,0.34,0.67,0,14.59,0.39,0,0,0.01,0,0.04,,0.61,,0,0.04,0.05,0.5,0.06,0.02,,0.61,0,0.02,0,1.42,,2.95,0,0.08,0,0.01,0.05,0.59,,,,,0.01,0.02,,0,,0.01,0,0,0.25,0.06,0,0.02,0,,0,0.01,0.01,0,1.13,0.01,0.02,,,,,0.57,0.01,0.29,0.01,0.03,,0,0,0.11,3.31,,4.76,,0,0.01,33.83,0.09,0,0.05
1947,0.37,0.69,0.01,16.88,0.41,0,0,0.01,0,0.04,,0.66,,0,0.05,0.06,0.45,0.06,0.01,,0.69,0,0.03,0,1.36,,3.44,0,0.11,0.01,0.01,0.06,0.78,,,,,0.01,0.02,,0,,0.01,0,0,0.3,0.06,0,0.02,0,,0.01,0.01,0.01,0,1.45,0.01,0.03,,,,,0.57,0.01,0.28,0.01,0.04,,0,0,0.12,3.77,,4.95,,0,0.01,38.01,0.12,0,0.04
1948,0.26,0.69,0.02,16.12,0.42,0,0,0.01,0,0.05,,0.72,,0,0.05,0.06,0.52,0.07,0.02,,0.75,0,0.02,0,1.3,,4.01,0,0.14,0,0.01,0.04,0.96,,,,,0.01,0.02,,0,,0.01,0,0,0.33,0.06,0,0.02,0.02,,0.01,0.01,0.01,0,1.71,0.01,0.07,,,,,0.58,0.03,0.28,0.01,0.05,,0,0,0.12,4.28,,5.25,,0,0.01,39.28,0.13,0,0.05
1949,0.65,0.73,0.02,11.82,0.41,0,0,0.01,0,0.06,,0.75,,0,0.05,0.08,0.54,0.06,0.02,,0.77,0,0.01,0,1.53,,4.68,0,0.15,0,0,0.04,1.07,,,,,0.01,0.02,,0,,0.01,0,0,0.35,0.06,0,0.02,0.02,,0.01,0.01,0,0,1.8,0.01,0,,,,,0.62,0.03,0.29,0.01,0.05,,0,0,0.13,4.83,,5.39,,0,0.01,37.35,0.15,0,0.06
1950,0.9,0.75,0.02,13.78,0.47,0,0,0.01,0,0.07,,0.73,,0,0.04,0.09,0.54,0.07,0.03,,0.82,0,0.01,0,1.52,,5,0,0.17,0.01,0.01,0.04,1.07,,,,,0.01,0.02,,0,,0.01,0,0,0.36,0.06,0,0.02,0.02,,0.01,0.01,0.01,0,1.89,0.01,0.09,,,,,0.64,0.02,0.3,0.01,0.04,,0,0,0.13,5.33,,5.42,,0,0.01,40.8,0.16,0,0.06
1951,1.11,0.8,0.03,14.18,0.5,0,0,0.01,0,0.07,,0.8,,0,0.04,0.1,0.53,0.06,0.03,,0.83,0.01,0.01,0,1.59,,5.43,0,0.19,0.01,0.01,0.04,1.21,,,,,0.01,0.02,,0,,0.01,0,0,0.37,0.06,0,0.02,0.01,,0.01,0.01,0.01,0,1.99,0.01,0.11,,,,,0.65,0,0.31,0.01,0.05,,0,0,0.14,5.78,,5.58,,0,0.02,42.98,0.15,0,0.07
1952,1.39,0.84,0.03,12.48,0.54,0,0,0.01,0,0.08,,0.81,,0,0.04,0.11,0.5,0.07,0.03,,0.92,0.01,0.01,0,1.66,,5.65,0,0.23,0,0,0.04,1.21,,,,,0.01,0.03,,0,,0.01,0,0,0.37,0.06,0,0.02,0.01,,0,0.01,0.01,0,2.05,0.01,0.12,,,,,0.68,0.02,0.33,0.01,0.07,,0,0,0.14,6.16,,5.67,,0,0.03,42.73,0.15,0,0.07
1953,1.46,0.84,0.03,12.01,0.52,0,0,0.01,0,0.08,,0.81,,0,0.05,0.13,0.46,0.06,0.04,,0.93,0.01,0.01,0,1.58,,5.81,0,0.27,0,0,0.04,1.3,,,,,0.01,0.03,,0,,0.02,0,0,0.36,0.06,0,0.02,0.01,,0.01,0.01,0.01,0,2.15,0.02,0.12,,,,,0.69,0.03,0.34,0.01,0.07,,0,0,0.17,6.5,,5.61,,0,0.03,42.92,0.14,0,0.08
1954,1.75,0.86,0.03,10.35,0.56,0,0,0.01,0,0.09,,0.78,,0,0.05,0.14,0.43,0.06,0.04,,1.01,0.01,0.01,0,1.63,,6.01,0,0.27,0,0.01,0.04,1.19,,,,,0.01,0.03,,0,,0.01,0,0,0.36,0.06,0,0.02,0.04,,0.01,0.01,0.01,0,2.22,0.01,0.12,,,,,0.71,0.03,0.34,0.01,0.06,,0,0,0.04,7.05,,5.61,,0,0.03,42.37,0.17,0,0.08
1955,2.06,0.89,0.02,12.07,0.55,0,0,0.01,0,0.1,,0.8,,0,0.05,0.15,0.43,0.06,0.05,,1.04,0.01,0.01,0,1.66,,6.28,0,0.28,0.01,0.01,0.04,1.19,,,,,0.01,0.03,,0,,0.01,0.01,0,0.35,0.06,0,0.02,0.07,,0.01,0.01,0,0,2.3,0.01,0.12,,,,,0.78,0.04,0.34,0.01,0.07,,0,0,0.17,7.95,,5.55,,0,0.03,46.04,0.19,0,0.1
1956,2.31,0.92,0.02,13.02,0.56,0,0,0.01,0,0.1,,0.79,,0,0.05,0.16,0.43,0.06,0.06,,1.18,0.01,0.01,0,1.66,,6.46,0,0.26,0.01,0.01,0.04,1.3,,,,,0.01,0.03,,0,,0.01,0.01,0,0.35,0.06,0,0.02,0.09,,0.01,0.01,0,0,2.31,0.01,0.13,,,,,0.82,0.05,0.36,0.01,0.07,,0,0,0.18,8.75,,5.56,,0,0.04,48.65,0.21,0,0.1
1957,2.74,1.01,0.02,12.72,0.57,0,0,0.01,0.01,0.1,,0.78,,0,0.05,0.18,0.39,0.05,0.06,,1.22,0.01,0.02,0,1.7,,6.51,0.01,0.27,0.01,0.01,0.03,1.45,,,,,0,0.03,,0,,0.02,0.01,0,0.34,0.06,0,0.02,0.11,,0.01,0.01,0,0,2.29,0.02,0.14,,,,,0.84,0.07,0.4,0.01,0.09,,0,0,0.2,9.45,,5.6,,0,0.03,50.02,0.22,0,0.11
1958,5.65,1.06,0.02,10.61,0.59,0,0,0,0.01,0.09,,0.73,,0,0.05,0.19,0.35,0.05,0.07,,1.33,0.01,0.02,0,1.73,,6.49,0.01,0.31,0.01,0.01,0.03,1.39,,,,,0,0.03,,0,,0.01,0.01,0,0.35,0.06,0,0.03,0.16,,0.01,0.01,0.01,0,2.32,0.02,0.15,,,,,0.9,0.08,0.42,0.01,0.09,,0,0,0.21,10.13,,5.4,,0,0.05,51.6,0.23,0,0.1
1959,7.28,1.1,0.02,10.64,0.59,0,0,0,0.01,0.09,,0.61,,0,0.05,0.23,0.31,0.05,0.07,,1.32,0.01,0.02,0,1.73,,6.74,0.01,0.32,0.01,0.01,0.03,1.32,,,,,0,0.03,,0.01,,0.01,0.01,0,0.35,0.06,0,0.02,0.05,,0.01,0.01,0.01,0,2.43,0.02,0.16,,,,,0.88,0.12,0.38,0.01,0.1,,0,0,0.21,10.41,,5.16,,0,0.07,53.48,0.26,0,0.11
1960,8.79,1.2,0.02,10.68,0.66,0,0,0,0.01,0.09,,0.6,,0,0.05,0.26,0.32,0.04,0.08,,1.41,0,0.02,0,1.68,,6.87,0.01,0.34,0.01,0.01,0.03,1.42,,,,,0,0.04,,0.01,,0.01,0.01,0,0.37,0.07,0,0.02,0.24,,0.01,0.02,0,0,2.56,0.02,0.17,,,,,0.93,0.16,0.38,0.01,0.12,,0,0,0.2,10.57,,4.85,,0,0.08,55.71,0.27,0,0.01
1961,5.23,1.28,0.02,10.35,0.7,0,0,0,0.01,0.08,,0.58,,0,0.05,0.27,0.31,0.05,0.08,,1.5,0,0.02,0,1.59,,6.99,0.01,0.36,0.01,0.01,0.04,1.52,,,,,0,0.04,,0.01,,0.01,0.01,0,0.37,0.07,0,0.02,0.27,,0.01,0.02,0,0,2.62,0.02,0.18,,,,,0.96,0.17,0.53,0.01,0.12,,0,0,0.2,10.56,,4.77,,0,0.08,52.49,0.29,0,0.09
1962,5.23,1.41,0.01,10.81,0.72,0,0,0,0.01,0.08,,0.57,,0,0.06,0.3,0.31,0.05,0.09,,1.58,0,0.02,0,1.59,,7.06,0.02,0.36,0.01,0.01,0.04,1.51,,,,,0,0.04,,0.01,,0.01,0.01,0,0.34,0.06,0,0.02,0.31,,0.01,0.02,0,0,2.7,0.01,0.2,,,,,1,0.22,0.37,0,0.13,,0,0,0.21,10.8,,4.94,,0,0.1,53.75,0.29,0,0.08
1963,5.23,1.51,0.02,11.73,0.74,0,0,0,0.01,0.09,,0.57,,0,0.06,0.32,0.31,0.05,0.09,,1.65,0,0.02,0,1.44,,7.2,0.02,0.39,0.01,0.01,0.03,1.45,,,,,0,0.04,,0.01,,0.01,0.01,0,0.34,0.06,0,0.02,0.33,,0.01,0.03,0,0,2.82,0.01,0.21,,,,,1.03,0.26,0.38,0,0.14,,0,0,0.22,11.08,,4.9,,0,0.1,55.38,0.33,0,0.08
1964,6.07,1.43,0.01,12.39,0.8,0,0,0,0.01,0.08,,0.57,,0,0.07,0.37,0.33,0.05,0.09,,1.68,0,0.02,0,1.59,,7.25,0.02,0.4,0.01,0.01,0.02,1.41,,,,,0,0.04,,0.01,,0.01,0.01,0,0.34,0.07,0,0.02,0.37,,0.01,0.02,0,0,2.96,0.01,0.22,,,,,1.09,0.28,0.36,0,0.15,,0,0,0.24,11.51,,4.85,,0,0.1,57.83,0.35,0,0.09
1965,6.26,1.54,0.01,12.95,0.9,0,0,0,0.01,0.08,,0.53,,0,0.07,0.38,0.34,0.05,0.09,,1.64,0,0.02,0,1.55,,6.92,0.03,0.4,0.01,0.01,0.02,1.37,,,,,0,0.04,,0.01,,0.01,0.01,0,0.34,0.06,0,0.02,0.46,,0.01,0.03,0,0,3.02,0.01,0.24,,,,,1.18,0.3,0.38,0,0.15,,0,0,0.24,12.02,,4.7,,0,0.1,58.97,0.35,0,0.1
1966,6.84,1.56,0.01,13.46,0.95,0,0.01,0,0.01,0.07,,0.47,,0,0.08,0.38,0.33,0.05,0.07,,1.63,0,0.02,0,1.52,,6.61,0.03,0.39,0.01,0.01,0.02,1.42,,,,,0,0.04,,0.01,,0.01,0.01,0,0.29,0.06,0,0.02,0.5,,0.01,0.02,0,0,3.11,0.01,0.25,,,,,1.16,0.34,0.38,0,0.15,,0,0,0.25,12.25,,4.37,,0,0.1,59.79,0.35,0,0.1
1967,4.75,1.56,0.01,13.92,1,0,0.01,0,0.01,0.06,,0.44,,0,0.1,0.41,0.33,0.04,0.09,,1.57,0,0.01,0,1.45,,6.14,0.03,0.29,0.01,0.01,0.03,1.32,,,,,0,0.05,,0.01,,0.01,0.01,0,0.24,0.05,0,0.01,0.55,,0.01,0.03,0,0,3.15,0.01,0.28,,,,,1.2,0.36,0.37,0,0.15,,0,0,0.25,12.52,,4.31,,0,0.08,57.67,0.31,0.01,0.09
1968,6.28,1.62,0.01,13.73,1.11,0,0.01,0,0.01,0.06,,0.4,,0,0.11,0.46,0.33,0.05,0.09,,1.62,0,0.01,0,1.28,,6.22,0.03,0.35,0.01,0,0.03,1.29,,,,,0,0.05,,0.02,,0.01,0.01,0,0.2,0.05,0,0,0.65,,0.01,0.02,0,0,3.29,0.01,0.31,,,,,1.25,0.3,0.37,0,0.15,,0,0,0.26,12.56,,4.11,,0,0.09,59.27,0.31,0.01,0.1
1969,6.8,1.73,0.01,14.08,1.22,0,0.01,0,0.01,0.05,,0.35,,0,0.12,0.47,0.32,0.05,0.1,,1.71,0,0,0,1.24,,6.32,0.04,0.34,0.01,0,0.03,1.24,,,,,0,0.05,,0.02,,0.01,0.01,0,0.02,0.05,0,0,0.7,,0.01,0.03,0,0,3.48,0.01,0.33,,,,,1.28,0.3,0.35,0,0.14,,0,0,0.27,12.86,,3.77,,0,0.09,60.47,0.31,0.01,0.1
1970,7.53,1.69,0.01,15.13,1.3,0,0.01,0,0.02,0.05,,0.3,,0,0.12,0.47,0.5,0.04,0.07,,1.76,0,0,0,1.14,,6.38,0.05,0.36,0.02,0,0.02,1.1,,,,,0,0.06,,0.02,,0.01,0.01,0,0.13,0.05,0,0,0.7,,0.01,0.03,0,0,3.61,0.01,0.38,,,,,1.33,0.36,0.36,0,0.13,,0,0,0.27,13.16,,3.63,,0,0.09,62.89,0.33,0.02,0.1
1971,8.16,1.65,0.01,13.72,1.22,0,0.01,0,0.02,0.05,,0.29,,0,0.13,0.4,0.54,0.05,0.07,,1.82,0,0,0,1.02,,6.34,0.06,0.35,0.02,0,0.03,0.92,,,,,0,0.07,,0.02,,0.01,0.01,0,0.11,0.05,0,0.01,0.74,,0,0.03,0,0,3.76,0.01,0.39,,,,,1.42,0.37,0.34,0,0.12,,0,0,0.28,13.5,,3.62,,0,0.09,62.32,0.36,0.02,0.1
1972,8.37,1.73,0.01,14.75,1.48,0,0.01,0,0.02,0.05,,0.28,,0,0.13,0.41,0.6,0.04,0.08,,1.81,0,0,0,0.92,,6.02,0.07,0.33,0.03,0,0.02,0.78,,,,,0,0.07,,0.02,,0.02,0.01,0,0.08,0.05,0,0.01,0.88,,0.01,0.03,0,0,3.91,0.01,0.4,,,,,1.42,0.36,0.34,0,0.11,,0,0,0.28,12.61,,3,,0,0.06,62.1,0.36,0.02,0.09
1973,9,1.78,0,14.67,1.51,0,0.01,0,0.01,0.05,,0.24,,0,0.13,0.4,0.66,0.04,0.09,,1.75,0,0,0,0.8,,5.93,0.08,0.34,0,0,0.02,0.62,,,,,0,0.09,,0.02,,0,0.01,0,0.05,0.06,0,0.01,0.96,,0.01,0.02,0,0,4.06,0.01,0.42,,,,,1.51,0.4,0.32,0,0.1,,0,0,0.3,12.86,,3.25,,0,0.09,63.21,0.37,0.02,0.1
1974,9.42,1.93,0,14.95,1.59,0,0.01,0,0.02,0.05,,0.22,,0,0.12,0.36,0.68,0.04,0.1,,1.77,0,0,0,0.72,,5.89,0.08,0.33,0.04,0,0.02,0.56,,,,,0,0.11,,0.03,,0.02,0.01,0,0.02,0.06,0,0.01,1,,0.01,0.02,0,0,4.2,0.01,0.45,,,,,1.6,0.04,0.32,0,0.09,,0,0,0.33,13.2,,2.72,,0,0.12,63.77,0.39,0.02,0.09
1975,9.84,2.2,0.01,16.05,1.66,0,0.01,0,0.01,0.05,,0.2,,0,0.14,0.41,0.8,0.04,0.1,,1.83,0,0,0,0.71,,5.95,0.1,0.32,0.03,0,0.02,0.53,,,,,0,0.11,,0.03,,0.02,0.02,0,0,0.06,0,0.01,1.04,,0.01,0.03,0,0,4.42,0.01,0.46,,,,,1.69,0.52,0.34,0,0.09,,0,0,0.33,13.51,,3.17,,0,0.15,67.56,0.41,0.02,0.1
1976,10.04,2.31,0.01,16.81,1.85,0,0.01,0,0.02,0.04,,0.19,,0.01,0.18,0.38,0.83,0.04,0.11,,1.87,0,0,0,0.7,,6.01,0.13,0.32,0.03,0,0.02,0.51,,,,,0,0.12,,0.03,,0.02,0.01,0,0,0.06,0,0.01,1.07,,0.02,0.02,0,0,4.6,0.01,0.44,,,,,1.86,0.48,0.36,0,0.09,,0,0.01,0.34,13.74,,3.05,,0,0.16,69.48,0.42,0.02,0.11
1977,11.03,2.3,0.01,17.13,1.97,0,0.01,0,0.01,0.04,,0.19,,0.01,0.23,0.37,0.94,0.04,0.12,,1.92,0,0,0,0.68,,5.85,0.14,0.32,0.03,0,0.02,0.5,,,,,0,0.14,,0.04,,0.02,0.02,0,0,0.06,0,0.01,1.1,,0.01,0.02,0,0.01,4.78,0.01,0.45,,,,,2.07,0.51,0.44,0,0.09,,0,0,0.33,13.91,,3.01,,0,0.18,71.59,0.43,0.02,0.09
1978,12.41,2.33,0.01,16.24,1.98,0.01,0.01,0,0.01,0.04,,0.18,,0.01,0.27,0.38,0.98,0.03,0.14,,1.96,0,0,0,0.63,,5.82,0.13,0.33,0.03,0,0.02,0.52,,,,,0,0.14,,0.04,,0.02,0.01,0,0,0.06,0,0.01,1.13,,0.01,0.03,0,0.01,4.93,0.01,0.48,,,,,2.2,0.53,0.49,0,0.08,,0,0.01,0.34,13.94,,3.05,,0,0.18,72.7,0.45,0.02,0.09
1979,12.76,2.37,0.01,19.21,2.07,0,0.02,0,0.02,0.04,,0.16,,0.01,0.31,0.42,1.06,0.03,0.14,,1.97,0,0,0,0.59,,5.99,0.14,0.33,0.03,0,0.01,0.49,,,,,0,0.15,,0.05,,0.02,0,0,0,0.05,0,0.01,1.13,,0.01,0.03,0,0.01,5.11,0.01,0.52,,,,,2.53,0.53,0.56,0,0.08,,0,0.01,0.41,13.8,,3.02,,0,0.16,76.97,0.48,0.01,0.09
1980,14.58,1.95,0.01,19.64,2.51,0,0.01,0,0.01,0.03,0,0.13,,0.01,0.09,0.19,0.82,0.02,0.11,,1.62,0,0,0,0.6,,5.77,0.11,0.19,0.03,0,0.04,0.44,,,,0,0,0.07,,0.14,,0.02,0,0,0,0.06,0,0,0.81,,0.01,0.03,0,0.01,3.9,0,0.29,,,,,2.88,0.51,0.51,0,0.07,,0,0.02,0.18,12.79,,3.5,,0,0.14,75.49,0.53,0.01,0.07
1981,13.01,2.67,0.01,18.42,2.84,0,0.02,0,0.01,0.04,0,0.14,,0.01,0.12,0.2,0.97,0.02,0.12,1.79,1.6,0,0,0,0.61,,6.23,0.15,0.3,0.03,0,0.03,0.41,,,,0,0,0.07,,0.08,,0.02,0,0,0,0.05,0,0,0.84,,0.01,0.03,0,0.01,4.31,0,0.39,,,,,3.13,0.37,0.5,0,0.07,,0,0.02,0.29,14.5,,3.27,,0,0.14,77.2,0.66,0.01,0.08
1982,13.95,2.64,0.01,18.68,2.9,0,0.02,0,0.01,0.04,0,0.15,,0.01,0.13,0.22,1.03,0.02,0.13,1.81,1.62,0,0,0,0.56,,6.26,0.15,0.3,0.03,0,0.05,0.41,,,,0,0,0.09,,0.09,,0.02,0,0,0,0.05,0,0,0.89,,0.01,0.03,0,0.01,5.03,0,0.4,,,,,3.47,0.37,0.54,0,0.07,,0,0.02,0.31,14.62,,3.18,,0,0.15,79.94,0.7,0.02,0.07
1983,14.96,2.8,0.02,17.29,3.02,0,0.02,0,0.01,0.04,0,0.14,,0.01,0.14,0.22,1.07,0.02,0.15,1.83,1.67,0,0,0,0.56,,5.91,0.17,0.29,0.03,0,0.05,0.4,,,,0,0,0.11,,0.09,,0.02,0,0,0,0.06,0,0,0.9,,0.01,0.03,0,0.02,5.12,0,0.47,,,,,3.5,0.37,0.55,0,0.06,,0,0.02,0.33,14.61,,3.04,,0,0.15,79.69,0.76,0.01,0.09
1984,16.52,2.93,0.04,19.76,3.17,0,0.02,0,0.01,0.04,0,0.14,,0.01,0.16,0.22,1.4,0.02,0.19,1.86,1.71,0,0,0,0.54,,5.99,0.18,0.28,0.03,0,0.05,0.39,,,,0,0,0.12,,0.1,,0.03,0,0,0,0.06,0,0,0.92,,0.01,0.04,0,0.03,5.13,0,0.46,,,,,3.92,0.39,0.55,0,0.06,,0,0.03,0.37,14.45,,1.29,,0,0.12,83.18,0.83,0.01,0.08
1985,18.26,3.03,0.05,19.37,3.87,0,0.02,0,0.01,0.04,0,0.14,,0.01,0.16,0.21,1.49,0.02,0.26,1.84,1.68,0,0,0,0.5,,6.22,0.2,0.27,0.03,0,0.05,0.38,2.4,,,0,0,0.12,,0.12,,0.02,0,0,0,0.06,0,0,0.72,,0.02,0.04,0,0.03,5.17,0,0.47,7.78,,,,4.18,0.42,0.54,0,0.05,,0,0.06,0.45,13.04,3.9,2.37,0.06,0,0.13,87.4,0.89,0.01,0.08
1986,18.71,3.26,0.06,19.55,4.11,0,0.02,0,0.01,0.04,0,0.12,,0.01,0.16,0.24,1.38,0.03,0.31,1.84,1.67,0,0,0,0.49,,6.01,0.21,0.26,0.04,0,0.03,0.38,2.52,,,0,0,0.13,,0.13,,0.02,0,0,0,0.06,0,0,0.72,,0.01,0.04,0,0.03,5.26,0,0.49,8.05,,,,4.26,0.45,0.55,0,0.05,,0,0.06,0.48,13.46,4,2.75,0.07,0,0.14,89.47,0.9,0.01,0.11
1987,19.43,3.57,0.07,20.19,4.3,0,0.02,0,0.01,0.03,0,0.1,,0.01,0.14,0.25,1.39,0.03,0.42,1.82,1.67,0,0,0,0.44,,5.82,0.25,0.26,0.04,0,0.03,0.31,2.6,,,0,0,0.15,,0.15,,0.02,0,0,0,0.05,0,0,0.71,,0.01,0.05,0,0.03,5.32,0,0.53,8.11,,,,4.25,0.45,0.48,0,0.04,,0,0.08,0.51,13.61,3.95,2.65,0.06,0.01,0.15,91.16,0.9,0.01,0.13
1988,20.51,3.8,0.11,20.79,4.22,0,0.02,0,0.01,0.03,0,0.05,,0.01,0.15,0.23,1.61,0.04,0.44,1.78,1.64,0,0,0,0.38,,5.77,0.26,0.24,0.04,0,0.03,0.26,2.61,,,0,0,0.13,,0.16,,0.02,0,0,0,0.06,0,0,0.86,,0.01,0.05,0,0.03,5.31,0,0.58,8.37,,,,4.36,0.45,0.46,0,0.04,,0,0.09,0.46,13.79,3.93,2.65,0.06,0.03,0.14,93.37,0.91,0.01,0.14
1989,22.07,4.13,0.21,21.41,4.59,0,0.02,0,0.01,0.03,0,0.04,,0.02,0.14,0.23,1.72,0.04,0.55,1.71,1.56,0,0,0,0.37,,5.51,0.3,0.23,0.03,0,0.03,0.24,2.52,,,0,0,0.14,,0.15,,0.02,0,0,0,0.07,0,0,0.67,,0.01,0.05,0,0.03,4.91,0,0.59,8.05,,,,4.23,0.38,0.49,0,0.02,,0,0.11,0.53,13.23,3.69,2.55,0.07,0.06,0.12,95.02,0.93,0.01,0.14
1990,22.61,4.45,0.26,22.54,4.8,0,0.02,0,0.01,0.03,0,0.02,,0.02,0.07,0.21,1.67,0.04,0.59,1.52,1.38,0,0,0,0.33,,5.24,0.3,0.21,0.03,0,0.03,0.19,2.39,,,0,0,0.14,,0.14,,0.02,0,0,0,0.06,0,0,0.89,,0.01,0.05,0,0.03,4.19,0,0.35,7.77,,,,4.19,0.32,0.48,0,0.01,,0,0.15,0.49,14.44,3.63,2.36,0.08,0.07,0.12,94.84,0.93,0.01,0.15
1991,22.76,4.76,0.34,21.69,4.98,0,0.01,0,0.01,0.03,0,0.01,,0.02,0.08,0.2,1.75,0.04,0.58,1.42,1.31,0,0,0,0.31,,4.44,0.29,0.2,0.03,0,0.03,0.19,2.37,,,0,0,0.13,,0.13,,0.02,0,0,0,0.07,0,0,0.83,,0.01,0.05,0,0.03,4.01,0,0.29,7.14,,,,4.28,0.28,0.44,0,0.01,,0,0.17,0.46,11.25,3.09,2.41,0.07,0.07,0.12,92.26,0.86,0.01,0.15
1992,23.37,5.02,0.55,21.74,5.32,0,0,0,0,0.02,0,0,0.02,0.02,0.08,0.23,1.55,0.03,0.63,1.32,1.18,0,0,0,0.29,0,4.09,0.29,0.18,0.03,0,0.02,0.18,2.29,,0.04,0,0,0.12,0.01,0.12,,0.02,0,0,0,0.07,0,0,0.78,0.05,0.01,0.06,0,0.04,3.9,0,0.31,6.85,0.36,,0.07,4.38,0.23,0.44,0,0.01,0.01,0,0.19,0.51,,2.93,2.16,0.06,0.08,0.12,92.06,,0.01,0.15
1993,24.09,5.19,0.68,20.38,5.34,0,0,0,0,0.02,0,0,0.02,0.02,0.08,0.22,1.65,0.03,0.63,1.29,,0,0,0,0.26,0,3.68,0.3,0.16,0.03,0,0.02,0.17,2.02,,0.03,0,0,0.13,0,0.11,,0.02,0,0,0,0.08,0,0,0.72,0.04,0.01,0.06,0,0.04,3.77,0,0.32,6.18,0.34,0.04,0.06,4.48,0.18,0.44,0,0.01,0.01,0,0.19,0.48,,2.5,1.74,0.04,0.12,0.15,89.29,,0.02,0.14
1994,25.96,5.28,0.81,22.25,5.46,0,0,0,0.01,0.01,0,0,0.02,0.02,0.09,0.21,1.74,0.02,0.65,1.18,,0,0,0.01,0.23,0,3.39,0.31,0.15,0.04,0,0.01,0.16,1.89,,0.01,0,0,0.17,0,0.1,,0.02,0,0,0,0.08,0,0,0.68,0.04,0.01,0.06,0,0.03,3.77,0,0.33,5.5,0.31,0.04,0.06,4.65,0.14,0.41,0,0.01,0,0,0.22,0.51,,2.06,1.24,0.05,0.14,0.14,91.34,,0.01,0.15
1995,28.49,5.57,1.03,22.18,5.73,0,0,0,0.01,0.01,0,0,0.03,0.02,0.09,0.22,1.8,0.02,0.74,1.14,,0,0,0,0.22,0,3.31,0.31,0.15,0.03,0,0,0.15,1.5,,0.01,0,0,0.17,0,0.1,,0.02,0,0,0,0.1,0,0,0.63,0.05,0.01,0.06,0,0.03,3.86,0,0.33,5.22,0.25,0.04,0.06,4.9,0.11,0.41,0,0.01,0,0,0.23,0.51,,1.79,1.37,0.04,0.13,0.2,94.13,,0.01,0.15
1996,29.24,5.97,1.24,22.84,5.91,0,0,0,0.01,0.01,0,0,0.03,0.02,0.08,0.23,1.83,0.02,0.85,1.15,,0,0,0,0.22,0,3.1,0.3,0.16,0.03,0,0,0.15,1.39,,0.01,0,0,0.19,0,0.1,,0.02,0,0,0,0.1,0,0,0.56,0.05,0.01,0.07,0,0.03,3.83,0,0.34,5.06,0.4,0.04,0.06,4.9,0.09,0.4,0,0,0,0,0.27,0.51,,1.35,1.3,0.03,0.13,0.23,95.4,,0.01,0.14
1997,29.05,6.17,1.35,23.36,6.44,0,0,0,0.01,0.01,0,0,0.08,0.02,0.09,0.21,1.9,0.02,0.95,1.17,,0,0,0.01,0.18,0,2.97,0.32,0.17,0.03,0,0.01,0.1,1.32,,0.01,0,0,0.19,0,0.09,,0.01,0,0,0,0.09,0,0,0.55,0.04,0.01,0.06,0,0.03,3.89,0,0.28,4.86,0.4,0.04,0.06,5.22,0.09,0.4,0,0,0,0,0.29,0.55,,1.41,1.27,0.03,0.16,0.27,96.8,,0.01,0.14
1998,27.88,6.13,1.54,24.1,6.6,0,0,0,0.01,0.01,0,0,0.11,0.02,0.09,0.21,1.8,0.02,0.97,1.09,,0,0,0.01,0.15,0,2.72,0.34,0.15,0.04,0,0.01,0.09,1.27,,0.01,0,0.01,0.2,0,0.1,,0,0,0,0,0.08,0,0,0.5,0.05,0.01,0.06,0,0.03,3.36,0,0.22,4.56,0.41,0.04,0.06,5.28,0.08,0.39,0,0,0,0,0.25,0.58,,1.44,1.08,0.03,0.2,0.27,95.06,,0.01,0.15
1999,28.55,6,1.82,23.35,6.95,0,0,0,0.01,0.01,0,0,0.1,0.02,0.09,0.18,1.73,0.01,0.95,0.97,,0,0,0.01,0.13,0,2.65,0.34,0.14,0.03,0,0,0.09,1.06,,0.01,0,0.01,0.2,0,0.09,,0,0,0,0,0.09,0,0,0.57,0.05,0.01,0.06,0,0.03,3.25,0,0.19,4.93,0.31,0.04,0.05,5.29,0.08,0.36,0,0,0,0,0.24,0.56,,1.52,0.97,0.03,0.2,0.23,95.09,,0.01,0.13
2000,29.61,6.38,1.9,22.79,7.19,0,0,0,0.01,0.01,0,0,0.11,0.02,0.11,0.18,1.64,0.01,1.1,1.05,,0,0,0.01,0.09,0,2.54,0.34,0.14,0.03,0,0,0.07,1.36,,0.01,0,0.01,0.23,0,0.1,,0,0,0.01,0,0.09,0,0,0.6,0.05,0.02,0.06,0,0.03,3.01,0,0.23,5.09,0.35,0.04,0.05,5.3,0.08,0.35,0,0,0,0,0.22,0.52,,1.52,0.82,0.03,0.24,0.27,96.49,,0.01,0.12
2001,31.37,6.46,2.28,23.6,7.77,0,0,0,0,0.01,0,0,0.12,0.02,0.1,0.19,1.67,0.01,1.27,1.06,,0,0,0.01,0.06,0,2.44,0.35,0.13,0.03,0,0,0.07,1.43,,0.01,0,0.01,0.17,0,0.1,,0,0,0.01,0,0.1,0,0,0.62,0.05,0.05,0.06,0,0.03,3.02,0,0.24,5.38,0.34,0.04,0.05,5.29,0.07,0.33,0,0,0,0,0.24,0.51,,1.51,0.84,0.03,0.24,0.31,100.58,,0.01,0.12
2002,33.51,6.74,2.55,22.78,8.01,0,0,0,0,0.01,0,0,0.08,0.02,0.11,0.19,1.43,0.01,1.14,1.02,,0,0,0.01,0.04,0,2.45,0.36,0.12,0.03,0,0,0.03,1.33,,0.01,0,0.01,0.14,0,0.11,,0,0,0.01,0,0.12,0,0,0.59,0.05,0.06,0.07,0,0.04,3,0,0.26,5.13,0.36,0.04,0.06,5.21,0.06,0.32,0,0,0,0,0.24,0.48,,1.5,0.79,0.03,0.25,0.38,101.79,,0.01,0.11
2003,39.58,7.04,2.82,22.14,8.28,0,0,0,0,0.01,0,0,0.08,0.02,0.1,0.19,1.33,0.01,1.45,1.02,,0,0,0.01,0.05,0,2.42,0.34,0.13,0.03,0,0.01,0.03,1.53,,0.01,0.01,0,0.18,0,0.11,,0,0,0.02,0,0.14,0,0,0.6,0.05,0.09,0.06,0,0.05,2.99,0,0.27,5.55,0.38,0.03,0.06,5.64,0.06,0.3,0,0,0,0,0.22,0.45,,1.46,0.74,0.02,0.21,0.45,109.26,,0.01,0.08
2004,46.35,7.6,3.27,22.9,8.6,0,0,0,0,0,0,0,0.09,0.02,0.11,0.19,1.42,0,1.56,0.98,,0,0,0.01,0,0,2.45,0.36,0.1,0.04,0,0,0.03,1.57,,0.01,0.01,0.01,0.25,0,0.13,,0,0,0.01,0,0.14,0.01,0,0.61,0.05,0.09,0.06,0,0.06,2.9,0,0.26,5.74,0.39,0.03,0.06,5.74,0.06,0.29,0,0,0,0,0.23,0.44,,1.45,0.62,0.03,0.25,0.64,118.7,,0.01,0.1
2005,51.99,7.95,3.77,23.24,9,0,0,0,0,0,0,0,0.09,0.02,0.12,0.17,1.48,0.01,1.72,0.99,,0,0,0.01,0,0,2.37,0.36,0.07,0.04,0,0,0.02,1.56,,0.01,0.01,0.02,0.25,0,0.14,,0,0,0.01,0,0.14,0,0,0.64,0.04,0.04,0.07,0,0.07,2.9,0,0.24,5.68,0.34,0.03,0.05,5.79,0.05,0.28,0,0,0,0,0.25,0.47,,1.45,0.51,0.04,0.22,0.8,126.17,,0,0.09
2006,55.62,8.29,4.71,23.84,9.2,0,0,0,0,0,0.01,0,0.09,0.02,0.12,0.18,1.46,0.01,1.9,1,,0,0,0.01,0,0,2.23,0.34,0.07,0.05,0,0,0.03,1.73,,0.01,0.01,0.02,0.28,0,0.15,0.01,0,0,0.02,0,0.15,0,0,0.66,0.04,0.07,0.08,0,0.06,2.85,0,0.27,5.9,0.31,0.02,0.05,5.79,0.05,0.26,0,0,0,0,0.22,0.55,,1.48,0.45,0.04,0.22,0.91,132.54,,0,0.06
2007,60.26,8.81,5.3,23.55,9.51,0.01,0,0,0,0,0.01,0,0.09,0.02,0.12,0.2,1.49,0,2.01,1,,0,0,0.01,0,0,2.28,0.35,0.07,0.05,0,0,0.03,1.77,,0.01,0.01,0.02,0.31,0,0.18,0.01,0,0,0.02,0,0.12,0,0,0.64,0.04,0.12,0.07,0,0.09,2.62,0,0.29,6.01,0.3,0.02,0.05,5.79,0.06,0.25,0,0,0,0,0.21,0.62,,1.46,0.43,0.04,0.21,1,138.39,,0,0.06
2008,62.46,9.53,5.92,23.91,9.79,0.01,0,0,0,0,0.01,0,0.1,0.02,0.14,0.2,1.49,0.01,2.11,0.95,,0,0,0,0,0,2.1,0.34,0.07,0.05,0,0,0.03,2.01,0.06,0.01,0.01,0.03,0.29,0,0.19,0.02,0,0,0.01,0,0.13,0,0,0.67,0.05,0.1,0.07,0,0.09,2.55,0,0.29,6.24,0.31,0.03,0.05,5.9,0.05,0.18,0,0,0,0,0.2,0.7,,1.45,0.45,0.04,0.15,0.93,142.94,,0,0.04
2009,64.39,10.29,6.2,21.67,10.16,0.01,0,0,0,0,0.02,0,0.1,0.02,0.13,0.19,1.39,0.01,2.09,0.87,,0,0,0,0,0,1.94,0.34,0.07,0.03,0,0,0.03,1.82,0.07,0.01,0.01,0.05,0.25,0,0.28,0.01,0,0,0.01,0,0.12,0,0,0.68,0.05,0.08,0.07,0,0.12,2.36,0,0.27,5.93,0.31,0.03,0.05,5.85,0.05,0.16,0,0,0,0,0.2,0.73,,1.35,0.44,0.04,0.1,1.03,142.73,,0,0.05
2010,69.72,10.57,6.33,22.09,10.49,0.02,0,0,0,0,0.02,0,0.1,0.02,0.11,0.21,1.48,0.01,2.14,0.87,,0,0,0,0,0,1.92,0.31,0.07,0.03,0,0,0.02,1.99,0.07,0.01,0.01,0.05,0.31,0,0.48,0.02,0,0,0.01,0,0.14,0.01,0,0.86,0.04,0.06,0.06,0.01,0.17,2.32,0,0.25,6.32,0.3,0.03,0.05,6.03,0.04,0.14,0,0,0,0,0.21,0.73,,1.35,0.45,0.04,0.08,1.05,150.39,,0,0.07
2011,77.53,10.49,7.93,22.27,10.26,0.03,0,0,0,0,0.01,0,0.11,0.02,0.11,0.26,1.48,0.01,2.47,0.88,,0,0,0,0,0,1.96,0.31,0.07,0.03,0,0,0.03,2.08,0.07,0.01,0.01,0.07,0.39,0,0.63,0.02,0,0.02,0.01,0,0.13,0.01,0,0.81,0.05,0.04,0.06,0.01,0.18,2.33,0,0.28,6.6,0.33,0.03,0.05,6,0.04,0.11,0,0,0.01,0,0.25,0.75,,1.52,0.46,0.05,0.08,1.09,161.06,,0,0.07
2012,78.44,10.68,8.56,20.72,11.13,0.03,0,0,0,0,0.02,0,0.11,0.03,0.12,0.23,1.49,0.01,2.58,0.85,,0,0,0,0,0,2,0.34,0.07,0.03,0,0,0.03,2.16,0.07,0.02,0.02,0.07,0.31,0,0.59,0.02,0,0.13,0.02,0,0.13,0.01,0,0.81,0.05,0.04,0.06,0.01,0.19,2.42,0,0.27,7.05,0.31,0.03,0.05,6.14,0.04,0.1,0,0,0.01,0,0.2,0.71,,1.64,0.42,0.04,0.06,0.99,162.75,,0,0.04
2013,79.32,10.71,10.44,20.05,11.97,0.03,0,0,0,0,0.02,0,0.1,0.04,0.15,0.2,1.53,0.06,2.47,0.74,,0,0,0.01,0,0.01,1.89,0.28,0.07,0.03,0,0,0.03,2.15,0.07,0.02,0.02,0.07,0.3,0,0.64,0.02,0,0.18,0.01,0,0.12,0.01,0,0.8,0.04,0.05,0.06,0.01,0.17,2.39,0,0.19,7.25,0.32,0.03,0.05,6.08,0.03,0.07,0,0,0.01,0,0.2,0.65,,1.6,0.32,0.05,0.04,0.96,165.37,,0,0.08
2014,78.05,11.28,10.15,20.33,12.81,0.03,0,0,0,0,0.02,0,0.1,0.04,0.15,0.21,1.51,0.08,2.57,0.71,,0,0,0,0,0.01,1.85,0.27,0.07,0.03,0,0,0.03,2.09,0.06,0.03,0.02,0.06,0.3,0,0.47,0.02,0,0.2,0.01,0,0.1,0.01,0,0.82,0.04,0.05,0.06,0.01,0.2,2.26,0,0.19,7.39,0.24,0.03,0.04,6.2,0.03,0.07,0,0,0.02,0.01,0.19,0.68,,1.09,0.29,0.05,0.02,0.96,164.96,,0,0.16
2015,76.59,11.77,10.19,17.99,12.8,0.03,0,0,0,0,0.01,0,0.09,0.05,0.12,0.25,1.36,0.06,2.49,0.71,,0,0,0,0,0.01,1.79,0.24,0.06,0.04,0,0,0.03,1.65,0.07,0.03,0.07,0.06,0.29,0,0.46,0.02,0,0.19,0.01,0,0.09,0.01,0,0.74,0.04,0.03,0.06,0.01,0.19,2.22,0,0.2,7.8,0.3,0.02,0.04,5.96,0.03,0.05,0,0,0.02,0.01,0.16,0.54,,0.72,0.21,0.04,0.02,0.98,160.37,,0,0.12
2016,70.82,11.89,9.87,14.7,12.83,0.04,0,0,0,0,0.02,0,0.1,0.04,0.11,0.21,1.37,0.05,2.62,0.67,,0,0,0,0,0.01,1.66,0.17,0.06,0.04,0,0,0.03,1.53,0.07,0.03,0.07,0.05,0.25,0,0.67,0.01,0,0.18,0.01,0,0.07,0.01,0,0.84,0.03,0.02,0.08,0.01,0.28,2.18,0,0.18,8.12,0.3,0.02,0.04,6.01,0.03,0.03,0,0,0.03,0.01,0.18,0.65,,0.76,0.11,0.05,0.02,0.91,151.58,,0,0.07
2017,73.17,11.99,9.69,15.66,12.5,,,,,,,,,,0.09,0.24,1.33,,2.63,0.64,,,,,,,1.65,0.19,0.05,,,,0.03,1.67,,,,,0.31,,0.94,,,,,,0.07,,,,,,0.08,,,2.08,,0.19,8.62,0.3,,,5.97,0.03,0.05,,,,,0.17,0.63,,0.57,0.08,0.05,0.02,0.9,155.01,,,0.08
2018,76.87,12.8,11.44,15.4,13.1,,,,,,,,,,0.1,0.22,1.22,,2.48,0.62,,,,,,,1.58,0.18,0.05,,,,0.02,1.76,,,,,0.28,,1.04,,,,,,0.08,,,,,,0.08,,,1.98,,0.17,9.23,0.28,,,6.01,0.02,0.04,,,,,0.16,0.69,,0.61,0.08,0.05,0.02,0.99,162.3,,,0.09
2019,79.76,12.6,12.84,14.29,13.18,,,,,,,,,,0.09,0.2,1.2,,2.46,0.56,,,,,,,1.19,0.13,0.04,,,,0.02,1.7,,,,,0.23,,1.09,,,,,,0.07,,,,,,0.13,,,1.87,,0.16,9.23,0.29,,,6.02,0.02,0,,,,,0.15,0.73,,0.6,0.07,0.05,0.01,1.09,163.95,,,0.07
2020,80.51,12.59,11.78,10.73,12.14,,,,,,,,,,0.1,0.16,1.15,,1.54,0.43,,,,,,,0.98,0.07,0.04,,,,0.02,1.75,,,,,0.19,,0.82,,,,,,0.07,,,,,,0.18,,,1.68,,0.11,8.42,0.3,,,5.83,0.02,0,,,,,0.14,0.66,,0.53,0.05,0.05,0.01,1.05,156.22,,,0.07
2021,83.44,13.38,12.68,11.62,11.89,,,,,,,,,,0.12,0.2,1.21,,1.7,0.44,,,,,,,1.15,0.06,0.03,,,,0.02,1.78,,,,,0.14,,0.62,,,,,,0.07,,,,,,0.19,,,1.76,,0.13,9.25,0.26,,,5.44,0.02,0,,,,,0.15,0.75,,0.54,0.03,0.06,0.01,1.13,162.5,,,0.09
2022,92.22,15.02,13.95,12.07,11.46,,,,,,,,,,0.11,0.25,1.18,,1.65,0.48,,,,,,,1.21,0.07,0.03,,,,0.02,1.81,,,,,0.14,,0.75,,,,,,0.07,,,,,,0.19,,,1.7,,0.13,9.35,0.25,,,5.35,0.02,0,,,,,0.14,0.83,,0.36,0.02,0.06,0,1.17,174.56,,,0.11
